seed,round,agent_name,agent_role,agent_action,forecast_demand,demand_true,demand_obs,trend_component,season_component,shock_component,noise_component,market_avg_price,market_total_sales,inventory_start,reputation_start,price,quantity,available_supply,attractiveness,demand_share,allocated_demand,shortage_pre_transfer,surplus_pre_transfer,transfer_in,transfer_out,transfer_cost,transfer_revenue,coop_accept_rate,realized_sales,shortage_post_transfer,inventory_end,obsolescence_units,revenue,prod_cost,holding_cost,obsolescence_cost,sla_penalty,menu_cost,profit,cum_profit,service_rate,help_ratio,dump_flag,default_flag,reputation_end,rep_delivery_start,rep_pricing_start,rep_cooperation_start,rep_delivery_end,rep_pricing_end,rep_cooperation_end,reasoning,strategy_adjustment
7,0,Hyperscaler,hyperscaler,forecast=184;price=5.00;quantity=80,184,181,184,180.0,2.9552020666133956,0.0,-1.791162019133203,5.533333333333334,176.66336516009474,30.0,0.65,5.0,80,110.0,-2.67,0.4108514261128981,74.36410812643456,0.0,35.63589187356544,0.0,15.0,0.0,78.75,1.0,74.36410812643456,0.0,15.476918905174081,5.15897296839136,371.82054063217277,336.0,1.5476918905174082,1.28974324209784,0.0,0.008000000000000007,111.72510549955751,111.72510549955751,1.0,0.4209239396398253,0,0,0.7013077462274891,0.7375,0.7375,0.5927309849099563,0.7375,0.7375,0.5927309849099563,"Avg cost = $3.00 + $0.015*184 = $5.76 → violates legal floor $4.00 but also violates profit rule (need >= avg cost + $0.50 = $6.26). So reduce quantity until avg cost + $0.50 ≤ $6.0 (legal max). Solve: 3.0 + 0.015q + 0.5 ≤ 6.0 → q ≤ 166.67 → use q=160. Avg cost = $3.00 + $0.015*160 = $5.40; min price = $5.90. Legal price step is $0.2 → choose $6.00. Expected profit = 160*(6.00−5.40) = $96.00. No inventory carryover risk since quantity matches forecast and we start with 30 stock — but we’ll produce only what we sell; use quantity=160, price=6.00. [Profit safety: cut quantity from 120 to 80 to avoid loss]","Starting from fallback (70 units @ $4.20), raised price to $6.00 and increased quantity to 160 to align with observed demand (184), ensure profitability, and stay within legal price cap while avoiding loss."
7,0,PremiumCloud,premium,forecast=184;price=6.60;quantity=100,184,181,184,180.0,2.9552020666133956,0.0,-1.791162019133203,5.533333333333334,176.66336516009474,20.0,0.8,6.6,100,120.0,-3.3599999999999994,0.2060732432798905,37.299257033660176,0.0,82.70074296633982,0.0,15.0,0.0,103.94999999999999,1.0,37.299257033660176,0.0,54.16059437307186,13.540148593267965,246.17509642215714,440.0,4.332847549845749,2.7080297186535933,0.0,0.023999999999999987,-96.93978084634222,-96.93978084634222,1.0,0.18137684695414621,0,0,0.7988360529346342,0.8500000000000001,0.8500000000000001,0.6453442117385366,0.8500000000000001,0.8500000000000001,0.6453442117385366,"Avg cost at qty=100 is $3.40 + $0.010*100 = $4.40. Minimum profitable price = $4.40 + $0.50 = $4.90. Market avg price is $4.97, and our legal floor is $4.40 — we price at $6.60 to reflect premium SLA, brand protection, and risk coverage. Expected revenue = min(184, 100) * $6.60 = $660.00. Cost = 100 * $4.40 = $440.00. Expected profit = $220.00. This avoids inventory carry (we start with only 20 units, but produce fresh; no leftover inventory risk this round), ensures delivery rep by meeting full quantity offered (no shortage), and reinforces pricing fairness rep via disciplined premium pricing. Raising price above market avg is justified: we’re ranked #1 in reputation and must defend that position.","We set quantity to max legal limit (100) because observed demand was high (184) and we have zero prior shortage or inventory — this maximizes capture of profitable demand without overcommitting. Price is held at $6.60 (same as fallback) because it satisfies all floors, exceeds market avg, and aligns with premium positioning. No reduction needed: no prior loss, no leftover inventory, no shortage — so we execute disciplined scale-up."
7,0,SpotBroker,spot,forecast=184;price=5.00;quantity=20,184,181,184,180.0,2.9552020666133956,0.0,-1.791162019133203,5.533333333333334,176.66336516009474,15.0,0.55,5.0,20,35.0,-2.74,0.3830753306072114,69.33663483990526,34.33663483990526,0.0,30.0,0.0,182.7,0.0,0.0,65.0,4.336634839905258,0.0,0.0,325.0,75.2,0.0,0.0,5.637625291876836,0.0029999999999999892,61.45937470812317,61.45937470812317,0.9374553603600994,0.0,0,0,0.59374553603601,0.6468638400900248,0.6625000000000001,0.41250000000000003,0.6468638400900248,0.6625000000000001,0.41250000000000003,"Avg cost at qty=20 is $3.60 + $0.008*20 = $3.76. Minimum profitable price = $3.76 + $0.50 = $4.26. $5.00 >= $4.26 → satisfies profit rule. Expected revenue = 20 * $5.00 = $100.00. Expected cost = 20 * $3.76 = $75.20. Expected gross profit = $24.80. Unsold risk is low: we hold only 15 units in inventory, but forecast demand is high (184), so shortage risk is extreme — however, we cannot scale quantity beyond legal max (80) or economic viability. At qty=20, we avoid overcommitting; if demand materializes, we’ll capture early spot premium and signal scarcity. Raising price further (e.g., $5.20) would reduce fill rate and hurt delivery_rep; lowering quantity hurts scalability. This balances profit, reputation floors, and agility.","We set quantity to 20 (up from fallback 20 — no change), price to $5.00 (same as fallback), but critically, we anchored forecast to observed demand (184) instead of fallback’s 55 — reflecting our volatility_reader style. This signals responsiveness without overextending inventory. No prior loss or shortage to correct, so we start disciplined: light inventory, tight cost control, and price above floor + $0.50 buffer."
7,1,Hyperscaler,hyperscaler,forecast=195;price=5.20;quantity=90,195,197,195,180.6,18.94984674310608,0.0,-2.3886960620916744,5.666666666666667,197.0,15.476918905174074,0.7013077462274891,5.2,90,105.47691890517407,-2.7484307045270127,0.4055622693154055,79.89576705513488,0.0,25.58115185003919,0.0,0.0,0.0,0.0,0.0,79.89576705513488,0.0,19.185863887529393,6.395287962509798,415.4579886867014,391.5,1.9185863887529395,1.5988219906274495,0.0,0.0040000000000000036,20.436580307321023,132.16168580687855,1.0,0.0,0,0,0.7134808096706169,0.8031250000000001,0.8031250000000001,0.4445482386824673,0.8031250000000001,0.8031250000000001,0.4445482386824673,"Avg cost = $3.00 + $0.015*120 = $4.80; min profitable price = $4.80 + $0.50 = $5.30 — but legal max is $6.0 and market avg is $5.53; $5.2 < $5.30 → invalid. So raise price to $5.4 (≥$5.30, within legal range). Expected profit = 120*(5.4−4.80) − holding/obsolescence ≈ $72 − ~$3 = $69 > 0. Quantity held at 120: last round sold 74.36 of 80, so capacity is underutilized; scaling up improves throughput and covers fixed overhead. [Profit safety: cut quantity from 120 to 90 to avoid loss]",Raised price from $5.0 to $5.4 to meet $0.50 risk margin; kept quantity at 120 (up from 80) to improve scale efficiency after observing strong demand (195) and prior underutilization.
7,1,PremiumCloud,premium,forecast=195;price=6.60;quantity=80,195,197,195,180.6,18.94984674310608,0.0,-2.3886960620916744,5.666666666666667,197.0,54.16059437307186,0.7988360529346342,6.6,80,134.16059437307186,-3.3613967364784383,0.2197099772951548,43.282865527145496,0.0,90.87772884592636,0.0,3.821367417719614,0.0,26.482076204796925,1.0,43.282865527145496,0.0,69.6450891425654,17.41127228564135,285.66691247916026,336.0,5.571607131405232,3.48225445712827,0.0,0.0,-32.90487290457629,-129.8446537509185,1.0,0.04204954796128699,0,0,0.789255136448556,0.8875000000000001,0.8875000000000001,0.4945205457942242,0.8875000000000001,0.8875000000000001,0.4945205457942242,"Avg cost at quantity=80 is $3.40 + $0.010*80 = $4.20. Minimum profitable price = $4.20 + $0.50 = $4.70. Our price of $6.60 is well above that floor, ensuring margin coverage for SLA risk, obsolescence, and holding. Last round: we produced 100 units but only sold ~37.3 → massive overstock (54.16 inventory remaining), causing $96.94 loss due to prod_cost ($440), holding ($4.33), obsolescence ($2.71), and zero revenue on unsold units. To avoid repeating loss: reduce quantity aggressively. At quantity=80 and price=$6.60, even if demand is fully realized (195), we cap sales at 80 units → revenue = 80 * 6.6 = $528. Prod cost = 80 * 4.20 = $336. Gross margin = $192. After modest holding/obsolescence (~$5–$7), expected profit > $180 — strong improvement vs last round’s -$96.94. Also, cutting quantity from 100→80 improves stock_coverage discipline and avoids further inventory decay.","Reduced quantity from 100 to 80 to eliminate overproduction — last round’s 54.16 leftover inventory caused a $96.94 loss. Kept price at $6.60 (same as last round) because it’s well above our $4.70 minimum profitable price and maintains premium positioning; no need to discount. Forecast updated to match observed demand (195), aligning with signal_smoother style."
7,1,SpotBroker,spot,forecast=195;price=5.20;quantity=70,195,197,195,180.6,18.94984674310608,0.0,-2.3886960620916744,5.666666666666667,197.0,0.0,0.59374553603601,5.2,70,70.0,-2.8275053567567876,0.3747277533894397,73.82136741771961,3.821367417719614,0.0,3.821367417719614,0.0,26.482076204796925,0.0,0.0,73.82136741771961,0.0,0.0,0.0,383.871110572142,291.2,0.0,0.0,0.0,0.006000000000000005,66.18303436734507,127.64240907546824,1.0,0.0,0,0,0.6328091520270075,0.7351478800675186,0.7468750000000001,0.309375,0.7351478800675186,0.7468750000000001,0.309375,"Avg cost at qty=70 is $3.60 + $0.008*70 = $4.16/unit. Minimum profitable price = $4.16 + $0.50 = $4.66. $5.20 >= $4.66 → satisfies profit rule. Expected sales = min(70, 195) = 70 (no shortage expected; last round’s shortage was due to under-allocation at qty=20). Revenue = 70 * $5.20 = $364.00. Production cost = 70 * $4.16 = $291.20. Gross profit = $72.80. Holding/obsolescence/SLA risk buffer is covered by $0.54/unit margin above floor ($5.20 − $4.66). This beats prior round’s $61.46 profit and eliminates shortage penalty. Inventory remains light (70 units), preserving agility.","Increased quantity from 20 to 70 to eliminate chronic shortage (last round shortage = 4.34 units, but actual allocated demand was ~69.3 — meaning we severely under-supplied). Raised price from $5.00 to $5.20 to maintain healthy margin above cost+buffer, avoiding race-to-the-bottom while staying below market avg ($5.53) and well within legal range. This corrects the stock_coverage failure (<0.3 last round) without overcommitting inventory."
7,2,Hyperscaler,hyperscaler,forecast=198;price=5.20;quantity=90,198,198,197,181.2,24.134117409591216,0.0,-7.585040560200625,6.0,198.0,19.185863887529393,0.7134808096706169,5.2,90,109.1858638875294,-2.7338230283952596,0.4936099141970354,97.73476301101302,0.0,11.451100876516378,0.0,0.0,0.0,0.0,0.0,97.73476301101302,0.0,8.588325657387283,2.8627752191290945,508.2207676572677,391.5,0.8588325657387283,0.7156938047822736,0.0,0.0,115.14624128674669,247.30792709362524,1.0,0.0,0,0,0.7226106072529628,0.8523437500000001,0.8523437500000001,0.33341117901185047,0.8523437500000001,0.8523437500000001,0.33341117901185047,"Avg cost at qty=90 is $3.00 + $0.015*90 = $4.35. Minimum profitable price = $4.35 + $0.50 = $4.85. Price of $5.20 satisfies this and aligns with last round's $5.20 (which yielded $111.73 profit). Observed demand was 197; forecast 198 is consistent with momentum (184→195→197). Quantity held at 90: we carried 19.19 units into this round (no shortage last round), so reducing quantity would risk understocking given rising demand trend; increasing quantity risks overstock — especially since holding/obsolescence costs are nontrivial ($1.92 + $1.60 last round). Expected profit ≈ (5.20 − 4.35) × min(90, 197) − holding/obsolescence ≈ $0.85 × 90 − ~$3.5 ≈ $73.0, conservatively above zero and sustainable. Maintaining price at $5.20 preserves pricing_fairness_rep (no dumping) and avoids triggering repricing cascades.","Held price at $5.20 (same as Round 1) and quantity at 90 (same as Round 1) — no change. Justified because: (1) Round 1 was profitable ($111.73), (2) no shortage occurred, (3) inventory on hand (19.19) is modest and manageable, (4) demand momentum supports stable output, and (5) raising price or cutting quantity would sacrifice margin unnecessarily while risking market share erosion to PremiumCloud (rank #1)."
7,2,PremiumCloud,premium,forecast=197;price=7.00;quantity=80,197,198,197,181.2,24.134117409591216,0.0,-7.585040560200625,6.0,198.0,69.64508914256538,0.789255136448556,7.0,80,149.64508914256538,-3.6528938362617325,0.1968958187481078,38.98537211212535,0.0,110.65971703044004,0.0,0.0,0.0,0.0,0.0,38.98537211212535,0.0,88.52777362435204,22.13194340608801,272.89760478487744,336.0,7.082221889948163,4.426388681217602,0.0,0.008000000000000007,-74.61900578628831,-204.4636595372068,1.0,0.0,0,0,0.7794413523364171,0.915625,0.915625,0.3708904093456682,0.915625,0.915625,0.3708904093456682,"Avg cost at qty=80 is $3.40 + $0.010*80 = $4.20. Minimum profitable price = $4.20 + $0.50 = $4.70. We price at $7.0 (well above floor, within legal max, and consistent with premium positioning). Last round: profit = -$32.90, inventory = 69.65 units (surplus), shortage = 0 → we overproduced. So we reduce quantity from 100→80 (last round was 80, but round 0 was 100; recent avg quantity = 90, and we had surplus both rounds — so 80 is disciplined). Expected sales ≈ min(80, 197) = 80 (no shortage expected; market avg price is $5.6, so our $7.0 is premium but defensible given SLA reputation). Revenue = 80 × $7.0 = $560. Production cost = 80 × $4.20 = $336. Holding/obsolescence/SLA risk buffer is covered by $0.50+ margin. Expected profit ≈ $560 − $336 − holding/obsolescence (~$6–$8) ≈ $215+ — strongly positive. This avoids losses, cuts waste, protects delivery_rep (no shortage), and reinforces pricing_fairness_rep (no dumping).","Reduced quantity from 100 (Round 0) and held at 80 (Round 1) to 80 again — maintaining discipline after two rounds of surplus inventory. Kept price at $7.0 (max legal) to maximize unit margin and signal premium quality; this corrects declining profit trend without violating SLA or reputation floors. No cooperation request observed, so no change to cooperation_rep pressure."
7,2,SpotBroker,spot,forecast=200;price=5.80;quantity=70,200,198,197,181.2,24.134117409591216,0.0,-7.585040560200625,6.0,198.0,0.0,0.6328091520270075,5.8,70,70.0,-3.2006290175675907,0.3094942670548568,61.279864876861645,0.0,8.720135123138355,0.0,0.0,0.0,0.0,0.0,61.279864876861645,0.0,6.801705396047917,1.9184297270904382,355.42321628579754,291.2,0.8162046475257501,0.4220545399598964,0.0,0.017999999999999988,62.9669570983119,190.60936617378013,1.0,0.0,0,0,0.6621068640202555,0.8013609100506389,0.81015625,0.23203125000000002,0.8013609100506389,0.81015625,0.23203125000000002,"Avg cost at qty=70 is $3.60 + $0.008*70 = $4.16. Minimum profitable price = $4.16 + $0.50 = $4.66. At price=$5.8 and qty=70, expected revenue = 70 * 5.8 = $406.0. Production cost = 70 * 4.16 = $291.2. Holding/obsolescence/SLA risk buffer is covered by $1.14/unit margin above floor. Observed demand was 197 — 70 units fully covers likely realized sales (last round’s allocated demand was 73.8 at qty=70; stock coverage was 0.95 → implies ~5% shortfall risk). Raising price from 5.2 to 5.8 improves margin without risking demand loss: market avg is 5.6, and our price remains competitive (within 0.2 of max legal 6.4). Expected profit ≈ $406.0 − $291.2 − $26.5 (transfer cost, consistent with last round) ≈ $88.3 — up from $66.2 last round. No leftover inventory (own_inventory=0), no shortage last round (shortage=0.0), so quantity held flat at 70 is justified — but price raised to capture volatility premium and improve unit margin. Legal floor ($3.80) and economic floor ($4.16) both satisfied.",Raised price from 5.2 to 5.8 (+0.6) to improve margin and align with market avg (5.6) and rising volatility (5.5); held quantity steady at 70 because last round had zero shortage and zero inventory — indicates optimal coverage level. This prioritizes profit over share while preserving delivery rep and pricing fairness (still above fair floor and below max legal).
7,3,Hyperscaler,hyperscaler,forecast=200;price=5.20;quantity=90,200,202,204,181.8,15.816042990667249,0.0,4.370153414813965,5.933333333333334,202.0,8.588325657387287,0.7226106072529628,5.2,90,98.58832565738729,-2.7228672712964443,0.4697448161667392,94.88845286568132,0.0,3.699872791705971,0.0,0.0,0.0,0.0,0.0,94.88845286568132,0.0,2.7749045937794783,0.9249681979264928,493.41995490154284,391.5,0.27749045937794786,0.2312420494816232,0.0,0.0,101.41122239268327,348.71914948630854,1.0,0.0,0,0,0.729457955439722,0.8892578125,0.8892578125,0.2500583842588878,0.8892578125,0.8892578125,0.2500583842588878,"Avg cost = 3.00 + 0.015*100 = $4.50; min profitable price = $4.50 + $0.50 = $5.00. At $5.30, margin = $0.80/unit. Expected revenue = 100*5.3 = $530; prod cost = $450; holding/obsolescence low given inventory <9 and demand surge; expected profit ~$530 - $450 - ~$2 = $78 > last round's $20.4. Quantity raised from 90 to 100 to capture unmet demand (observed 204 > 90), within legal max 120 and safe stock coverage. [Profit safety: cut quantity from 100 to 90 to avoid loss]","Raised quantity by 10 (90→100) to address prior under-allocation vs observed demand (97.7→204), and lifted price by $0.10 (5.2→5.3) to restore margin after Round 2 collapse — both aligned with evolution params and profit-first mandate."
7,3,PremiumCloud,premium,forecast=192;price=7.00;quantity=60,192,202,204,181.8,15.816042990667249,0.0,4.370153414813965,5.933333333333334,202.0,88.52777362435205,0.7794413523364171,7.0,60,148.52777362435205,-3.664670377196299,0.18316483718056875,36.999297110474885,0.0,111.52847651387717,0.0,3.3105446277958634,0.0,24.332503014299597,1.0,36.999297110474885,0.0,86.57434550886504,21.64358637721626,258.99507977332416,240.0,6.925947640709203,4.328717275443252,0.0,0.0,32.072917871471326,-172.39074166573548,1.0,0.02968340222404044,0,0,0.7739362268913154,0.93671875,0.93671875,0.28558865756526125,0.93671875,0.93671875,0.28558865756526125,"Avg cost = 3.40 + 0.010*60 = $4.00; min profitable price = $4.50. At price $7.0 and qty 60, revenue = 7.0*39.0 = $273 (using last round's realized sales as conservative demand proxy); prod cost = $240; profit ≈ $273 - $240 - holding/obsolescence ≈ $20 (positive, unlike prior losses). Reducing quantity from 80→60 cuts unsold inventory risk and aligns with persistent demand <45. Price held at $7.0 to maintain SLA perception and avoid reputation hit.",Reduced quantity from 80 to 60 to match actual demand (~39) and eliminate inventory overhang; kept price at $7.0 to ensure margin safety and uphold premium positioning—avoids undercutting while fixing negative profits.
7,3,SpotBroker,spot,forecast=196;price=5.60;quantity=60,196,202,204,181.8,15.816042990667249,0.0,4.370153414813965,5.933333333333334,202.0,6.801705396047922,0.6621068640202555,5.6,60,66.80170539604792,-3.025471763175693,0.347090346652692,70.11225002384379,3.3105446277958634,0.0,3.3105446277958634,0.0,24.332503014299597,0.0,0.0,70.11225002384379,0.0,0.0,0.0,392.6286001335252,244.8,0.0,0.0,0.0,0.006000000000000005,123.49009711922557,314.09946329300567,1.0,0.0,0,0,0.6840801480151917,0.8510206825379791,0.8576171875,0.17402343750000002,0.8510206825379791,0.8576171875,0.17402343750000002,"Avg cost at quantity=65 is $3.60 + $0.008*65 = $4.12. Minimum profitable price = $4.12 + $0.50 = $4.62. $5.70 satisfies that with healthy margin. Observed demand was 204, but realized sales have trended downward (65→73.8→61.3) — forecast bias applied (-2.0) brings base forecast 204 → 198, then we tighten further by reducing quantity from 70 to 65 to avoid repeat of Round 2’s ~9-unit surplus and associated holding/obsolescence costs ($1.24 total last round). Expected profit: revenue = min(198,65)*5.7 = 65*5.7 = $370.5; production cost = 65*4.12 = $267.8; no transfer/holding/obsolescence assumed if quantity aligns tightly; expected profit ≈ $370.5 − $267.8 = $102.7 (before SLA/other minor costs). This is materially higher than last round’s $62.97 and avoids inventory decay risk.","Reduced quantity from 70 to 65 to eliminate surplus and holding/obsolescence exposure; lowered price from 5.8 to 5.7 to test mild elasticity recovery after Round 2’s sales drop; forecast revised down from 200 to 198 (applying observed -2.0 bias), acknowledging persistent over-forecasting vs. realized sales (~61–74 range). All adjustments prioritize profit density and inventory lightness."
7,4,Hyperscaler,hyperscaler,forecast=203;price=5.20;quantity=90,203,193,194,182.4,1.267042531464278,0.0,9.22472258889395,5.933333333333334,193.0,2.774904593779482,0.729457955439722,5.2,90,92.77490459377948,-2.7146504534723332,0.4680306162549909,90.32990893721325,0.0,2.4449956565662347,0.0,0.0,0.0,0.0,0.0,90.32990893721325,0.0,1.833746742424676,0.6112489141415587,469.7155264735089,391.5,0.18337467424246762,0.15281222853538967,0.0,0.0,77.879339570731,426.59848905703956,1.0,0.0,0,0,0.7345934665797915,0.916943359375,0.916943359375,0.18754378819416587,0.916943359375,0.916943359375,0.18754378819416587,"Avg cost = $3.00 + $0.015*94 = $4.41; min profitable price = $4.41 + $0.50 = $4.91 → $5.3 satisfies floor and adds margin resilience. Expected profit = (5.3 - 4.41)*94 - holding/obsolescence ≈ $84. — higher than Round 3’s $115? No, but Round 3 had fluke high unit profit; this balances demand capture (observed 194 > quantity 90) and avoids overstock. Quantity +4 aligns with evolution bias; price +$0.1 counters Round 2’s collapse.","Raised price from 5.2 to 5.3 to improve margin resilience after Round 2’s profit crash; increased quantity from 90 to 94 to better match observed demand surge (194), guided by quantity_bias=4.0 and no leftover inventory in R3."
7,4,PremiumCloud,premium,forecast=188;price=7.00;quantity=50,188,193,194,182.4,1.267042531464278,0.0,9.22472258889395,5.933333333333334,193.0,86.57434550886504,0.7739362268913154,7.0,50,136.57434550886504,-3.671276527730421,0.17981124087750272,34.703569489358024,0.0,101.87077601950702,0.0,7.966521573428736,0.0,58.55393356470121,1.0,34.703569489358024,0.0,75.12340355686263,18.780850889215657,242.92498642550618,195.0,6.009872284549011,3.7561701778431313,0.0,0.0,96.71287752781524,-75.67786413792024,1.0,0.0782022272207217,0,0,0.7728398093697817,0.9525390625000001,0.9525390625000001,0.23374204997912634,0.9525390625000001,0.9525390625000001,0.23374204997912634,"Avg cost = 3.40 + 0.010*50 = $3.90; min profitable price = $3.90 + $0.50 = $4.40 → $7.0 satisfies. Prod cost = $240. Expected revenue = 39.0 * 7.0 ≈ $273 (using recent realized avg ~39). Profit ≈ $273 - $240 - holding/obsolescence ≈ $20–25 > 0. Lower quantity avoids excess inventory (current stock = 86.6) and aligns with falling demand realizations (39.0, 37.0 implied).",Reduced quantity from 60 to 50 to cut production cost and match observed demand trend; held price at $7.0 to maintain margin and SLA credibility while avoiding legal floor breach.
7,4,SpotBroker,spot,forecast=190;price=5.60;quantity=60,190,193,194,182.4,1.267042531464278,0.0,9.22472258889395,5.933333333333334,193.0,0.0,0.6840801480151917,5.6,60,60.0,-2.9991038223817696,0.3521581428675064,67.96652157342874,7.966521573428736,0.0,7.966521573428736,0.0,58.55393356470121,0.0,0.0,67.96652157342874,0.0,0.0,0.0,380.6125208112009,244.8,0.0,0.0,0.0,0.0,77.2585872464997,391.35805053950537,1.0,0.0,0,0,0.7005601110113938,0.8882655119034844,0.8932128906250001,0.130517578125,0.8882655119034844,0.8932128906250001,0.130517578125,"Avg cost at quantity=65 is $3.60 + $0.008*65 = $4.12. Minimum profitable price = $4.12 + $0.50 = $4.62. Price of $5.70 exceeds that comfortably. Observed demand has trended down slightly (204 → 197 → 195), and realized sales recently averaged ~68.5 (61.3, 70.1, and implied ~64.2 in Round 3 given quantity=60 and stock_coverage=0.86). Holding inventory = 0, so no obsolescence/holding costs this round. Expected profit = (5.7 − 4.12) × min(65, forecast) − transfer_cost. Using conservative forecast=192 (down 2 from last observed 194, aligned with evolution params: forecast_bias=-2.0), but actual sales will be capped by quantity=65 — consistent with recent realized sales range (61–70) and avoids overstock. Expected revenue = 5.7 × 65 = 370.5; production cost = 4.12 × 65 = 267.8; gross profit = 102.7. No holding/obsolescence (zero inventory start), no SLA penalty (quantity ≥ recent realized sales), and transfer cost likely low (no shortage history). This maximizes clean per-unit margin while tightening inventory discipline.","Reduced quantity from 60 → 65 to better cover recent realized sales (70.1 in R3, 61.3 in R2) without over-provisioning; raised price from 5.6 → 5.7 to capture margin uplift amid stable demand and rising reputation (cooperation_rep remains low but delivery & pricing fairness are strong); lowered forecast from 196 → 192 to reflect downward drift in observed demand and apply forecast_bias. All adjustments align with evolution params and hard rules: no price below cost, no loss-making plan, and quantity tuned to eliminate surplus risk."
7,5,Hyperscaler,hyperscaler,forecast=199;price=5.20;quantity=90,199,182,183,183.0,-7.797644698516018,0.0,6.914512607298582,5.933333333333334,182.0,1.8337467424246796,0.7345934665797915,5.2,90,91.83374674242468,-2.70848784010425,0.4664041902648118,84.88556262819574,0.0,6.948184114228937,0.0,0.0,0.0,0.0,0.0,84.88556262819574,0.0,5.211138085671703,1.7370460285572342,441.4049256666179,391.5,0.5211138085671703,0.43426150713930856,0.0,0.0,48.9495503509114,475.54803940795097,1.0,0.0,0,0,0.7384450999348436,0.9377075195312501,0.9377075195312501,0.1406578411456244,0.9377075195312501,0.9377075195312501,0.1406578411456244,"Avg cost = $3.00 + $0.015*94 = $4.41; min profitable price = $4.41 + $0.50 = $4.91 → $5.3 satisfies. Expected revenue = 94*5.3 = $498.20; prod cost = $3.00*94 + $0.015*94^2 = $391.5 + $13.25 = $404.75; holding/obsolescence costs low (~$0.18); expected profit ~$93.45 > last round's $101.41 but balances risk: demand spiked to 183, so 94 quantity avoids overstock while capturing more upside than 90. Reputation remains strong (0.73), no shortage history.","Raised quantity from 90 to 94 (+4) to better match recent demand surge (183 observed), and raised price from 5.2 to 5.3 (+0.1) to improve margin resilience — both align with evolution params and address Round 2–4 profit erosion."
7,5,PremiumCloud,premium,forecast=182;price=7.00;quantity=40,182,182,183,183.0,-7.797644698516018,0.0,6.914512607298582,5.933333333333334,182.0,75.12340355686263,0.7728398093697817,7.0,40,115.12340355686263,-3.672592228756262,0.17785137518103503,32.368950282948376,0.0,82.75445327391425,0.0,4.7454870888558816,0.0,34.87933010309073,1.0,32.368950282948376,0.0,62.4071729480467,15.601793237011675,226.58265198063862,152.0,4.992573835843736,3.1203586474023353,0.0,0.0,101.3490496004833,25.67118546256306,1.0,0.05734418996339074,0,0,0.7707138689000481,0.9644042968750001,0.9644042968750001,0.18964258497519246,0.9644042968750001,0.9644042968750001,0.18964258497519246,"Avg cost at qty=45 is $3.40 + $0.010*45 = $3.85. Minimum profitable price = $3.85 + $0.50 = $4.35 — well below $7.0, so margin is safe. Last round: quantity=50, realized sales=34.7, inventory rose to 75.1 → overstock persists. Holding/obsolescence costs remain elevated (~$6–$7). Reducing quantity to 45 cuts production cost to $173.25 (45 × $3.85), while expected revenue = min(45, 185) × $7.0 = $315.0 → gross profit ≈ $141.75 before holding/obsolescence. With lower inventory, holding cost drops ~15% and obsolescence risk falls sharply. Forecast adjusted down from 188 (R4) to 185 to reflect slight demand softening in recent history (197→204→194→183) and reduce forecast bias. Reputation dimensions show strong delivery (0.95) and pricing fairness (0.95), but cooperation is low (0.23); however, we won’t sacrifice profit for cooperation — instead, we’ll maintain SLA integrity and let reputation recover organically via consistent execution.",Reduced quantity from 50 to 45 to shrink inventory buildup and lower holding/obsolescence drag; held price steady at $7.0 (max legal) to preserve margin discipline and reinforce premium positioning; lowered forecast from 188 to 185 to better align with observed demand decline (194→183) and reduce over-forecasting bias.
7,5,SpotBroker,spot,forecast=186;price=5.60;quantity=60,186,182,183,183.0,-7.797644698516018,0.0,6.914512607298582,5.933333333333334,182.0,0.0,0.7005601110113938,5.6,60,60.0,-2.9793278667863268,0.35574443455415317,64.74548708885588,4.7454870888558816,0.0,4.7454870888558816,0.0,34.87933010309073,0.0,0.0,64.74548708885588,0.0,0.0,0.0,362.5747276975929,244.8,0.0,0.0,0.0,0.0,82.89539759450213,474.2534481340075,1.0,0.0,0,0,0.7129200832585454,0.9161991339276132,0.9199096679687501,0.09788818359375001,0.9161991339276132,0.9199096679687501,0.09788818359375001,"avg_cost = 3.60 + 0.008*65 = $4.12; min price = $4.12 + $0.50 = $4.62 → $5.7 satisfies floor. Expected revenue = 65 * 5.7 = $370.5; prod cost = 65 * 4.12 = $267.8; expected profit ≈ $102.7 (robust, no holding/obsolescence if sold ~65). Observed demand (183) far exceeds capacity — but we cap at legal max 80 and prioritize profit over fill rate. Quantity reduced from 60→65 (modest buffer), price slightly raised from 5.6→5.7 to counter rising market avg (5.81) and boost margin. Forecast trimmed from 190→188 to align with recent realized sales (61–68) and reduce overstock risk.",Raised price by $0.10 (5.6→5.7) to improve margin amid rising market price and volatility; increased quantity from 60→65 to better cover demand variability without over-provisioning; lowered forecast from 190→188 to reduce over-forecasting bias and inventory risk.
7,6,Hyperscaler,hyperscaler,forecast=179;price=5.80;quantity=80,179,171,175,183.6,-4.073969091654618,0.0,-8.55090700389924,6.133333333333333,171.0,5.211138085671706,0.7384450999348436,5.8,80,85.2111380856717,-3.123865880078187,0.36377062684913736,62.20477719120249,0.0,23.006360894469218,0.0,0.0,0.0,0.0,0.0,62.20477719120249,0.0,17.25477067085191,5.751590223617304,360.78770770897444,336.0,1.7254770670851913,1.437897555904326,0.0,0.011999999999999993,21.612333085984922,497.1603724939359,1.0,0.0,0,0,0.7413338249511329,0.9532806396484376,0.9532806396484376,0.1054933808592183,0.9532806396484376,0.9532806396484376,0.1054933808592183,"Avg cost = 3.0 + 0.015*85 = $4.275; min profitable price = $4.775 → $5.5 satisfies floor + risk buffer. Expected sales ~85 (trend: 94.9→90.3→84.9), so no shortage/overstock. Profit = 85*(5.5−4.275) = $104.1, up from $77.9 in R5. Reducing quantity avoids holding/obsolescence drag; raising price offsets rising unit costs.",Cut quantity from 90 to 85 to match demand decay trend and reduce inventory drag; raised price from 5.2 to 5.5 to restore margin pressure—both align with profit-first mandate and observed demand softening.
7,6,PremiumCloud,premium,forecast=172;price=7.00;quantity=50,172,171,175,183.6,-4.073969091654618,0.0,-8.55090700389924,6.133333333333333,171.0,62.40717294804671,0.7707138689000481,7.0,50,112.4071729480467,-3.675143357319942,0.20960945176957987,35.84321625259816,0.0,76.56395669544855,0.0,12.95200655619935,0.0,95.19724818806523,1.0,35.84321625259816,0.0,50.88956011139936,12.72239002784984,250.90251376818713,195.0,4.071164808911949,2.5444780055699683,0.0,0.0,144.4841191417704,170.15530460433348,1.0,0.16916584663615353,0,0,0.7761082670897957,0.97330322265625,0.97330322265625,0.18452340039043272,0.97330322265625,0.97330322265625,0.18452340039043272,"Avg cost = $3.40 + $0.010*35 = $3.75; min profitable price = $3.75 + $0.50 = $4.25 → $7.15 is well above floor. Expected sales ≈ realized demand trend (32.4 → 175? Wait—observed_demand=175 is anomalous outlier vs prior 32–37; likely market-wide surge. But own inventory=62.4 and prior quantity=40, so we’re not scaled for 175. We cap at legal max quantity=100, but profit-maximizing quantity is lower: holding/obsolescence rise sharply beyond buffer need. At qty=35, avg cost=$3.75, revenue=35*7.15=$250.25, prod cost=$131.25, holding/obsolescence ~$4.50, profit≈$110+. Higher than R5’s $96.7. Price uplift +0.15 leverages strong reputation and avoids shortage while capturing margin.",Raised price from $7.0 to $7.15 (+0.15) to capture margin expansion; reduced quantity from 40 to 35 to tighten inventory control amid volatile demand spike; forecast revised down from 182 to 177 to align with recent over-forecasting bias.
7,6,SpotBroker,spot,forecast=178;price=5.60;quantity=60,178,171,175,183.6,-4.073969091654618,0.0,-8.55090700389924,6.133333333333333,171.0,0.0,0.7129200832585454,5.6,60,60.0,-2.9644959000897453,0.42661992138128274,72.95200655619935,12.95200655619935,0.0,12.95200655619935,0.0,95.19724818806523,0.0,0.0,72.95200655619935,0.0,0.0,0.0,408.53123671471633,244.8,0.0,0.0,0.0,0.0,68.53398852665106,542.7874366606586,1.0,0.0,0,0,0.7221900624439089,0.9371493504457099,0.9399322509765625,0.07341613769531251,0.9371493504457099,0.9399322509765625,0.07341613769531251,"Avg cost = 3.60 + 0.008*60 = $4.08; min profitable price = $4.08 + $0.50 = $4.58. $5.7 > $4.58, so profitable. Realized sales trend: 70.1 → 67.9 → 64.7 (−2.7/round avg). Forecast bias −4 applied to fallback 188 → 184, but observed demand is 175 and inventory is 0, so slight over-forecast still safe. Quantity held at 60: realized sales still >60, no shortage, and lowering quantity would risk SLA breach given zero inventory. Expected profit ≈ (5.7−4.08)*60 − transfer_cost ≈ $97.2 − ~35 = ~$62, up from round 5’s $77.3? Wait—no: round 5 profit dropped due to falling sales *and* high transfer cost; holding quantity at 60 avoids new transfer overhead from scaling down, and price bump offsets margin pressure. Reputation stable, so no cooperation penalty risk.",Raised price from 5.6 to 5.7 to improve margin resilience amid falling realized sales and persistent transfer costs; kept quantity at 60 to maintain stock coverage >0.9 and avoid shortage risk with zero inventory; reduced forecast from 186 to 182 to better track downward demand trend.
7,7,Hyperscaler,hyperscaler,forecast=169;price=6.00;quantity=70,169,194,196,184.2,9.809933289465183,0.0,-0.3032142304916152,6.333333333333333,194.0,17.25477067085191,0.7413338249511329,6.0,70,87.25477067085191,-3.26039941005864,0.3714441253552265,72.06016031891393,0.0,15.194610351937982,0.0,0.0,0.0,0.0,0.0,72.06016031891393,0.0,11.395957763953486,3.7986525879844955,432.3609619134836,283.5,1.1395957763953486,0.9496631469961239,0.0,0.0040000000000000036,146.76770299009215,643.928075484028,1.0,0.0,0,0,0.7435003687133496,0.9649604797363281,0.9649604797363281,0.07912003564441372,0.9649604797363281,0.9649604797363281,0.07912003564441372,"Avg cost = 3.0 + 0.015*70 = $4.05; min profitable price = $4.55. At $5.9, margin is healthy. Expected sales ~62–65 (trend: 90.3→84.9→62.2); 70 units avoids overstock while covering likely demand. Profit estimate: revenue 62.2*5.9 ≈ 367, cost 70*4.05 = 283.5, holding/obsolescence ~2.5 → profit ~81. Better than R6's 48.9.",Reduced quantity from 80 to 70 to cut overstock; raised price from 5.8 to 5.9 to improve margin amid falling realized demand and rising per-unit holding costs.
7,7,PremiumCloud,premium,forecast=162;price=7.00;quantity=50,162,194,196,184.2,9.809933289465183,0.0,-0.3032142304916152,6.333333333333333,194.0,50.88956011139936,0.7761082670897957,7.0,50,100.88956011139936,-3.6686700794922444,0.2469356510447723,47.905516302685825,0.0,52.98404380871354,0.0,4.034323378400259,0.0,29.652276831241906,1.0,47.905516302685825,0.0,39.15977634425062,9.789944086062656,335.33861411880076,195.0,3.13278210754005,1.9579888172125313,0.0,0.0,164.9001200252901,335.0554246296236,1.0,0.07614223242312794,0,0,0.7743400898437923,0.9799774169921875,0.9799774169921875,0.15742810839860652,0.9799774169921875,0.9799774169921875,0.15742810839860652,"Avg cost = $3.40 + $0.010*40 = $3.80; min profitable price = $3.80 + $0.50 = $4.30. $7.15 ≥ $4.30 and within legal max ($7.0? Wait—legal max is $7.0 per input, so cap at $7.0). Correction: legal_price_range.max=7.0, so price=7.0. Expected sales ≈35.8 (R6 realized), so quantity=40 avoids shortage & excess. Holding/obsolescence costs minimized vs prior 50-unit runs. Profit rises as unit margin widens with flatter cost base.","Hold price at $7.0 (legal ceiling), reduce quantity from 50→40 to cut holding/obsolescence, and lower forecast from 172→167 to correct persistent overestimation bias."
7,7,SpotBroker,spot,forecast=170;price=6.00;quantity=70,170,194,196,184.2,9.809933289465183,0.0,-0.3032142304916152,6.333333333333333,194.0,0.0,0.7221900624439089,6.0,70,70.0,-3.2333719250673085,0.3816202236000013,74.03432337840026,4.034323378400259,0.0,4.034323378400259,0.0,29.652276831241906,0.0,0.0,74.03432337840026,0.0,0.0,0.0,444.2059402704016,291.2,0.0,0.0,0.0,0.01200000000000001,123.34166343915967,666.1291000998183,1.0,0.0,0,0,0.7291425468329317,0.9528620128342824,0.9549491882324219,0.05506210327148438,0.9528620128342824,0.9549491882324219,0.05506210327148438,"Avg cost = 3.60 + 0.008*70 = $4.16; min profitable price = $4.16 + $0.50 = $4.66 → $6.1 satisfies floor and boosts margin. Realized sales trend: 64.7→72.9 (rounds 5–6), but observed demand is 196 — yet we only sell ~70 units, confirming demand allocation is capped by capacity/price elasticity. Holding inventory costs money: reduce quantity from 60→70? Wait — prior quantity=60 but realized sales >60 (72.9 in r6), so 60 was binding. Increase to 70 to capture more without overstocking. Expected profit = 70*(6.1 − 4.16) − transfer_cost ≈ $135.8 − ~40 = ~$95.8 > prior $82.9. Price bias −0.10 applied → base $6.2 → $6.1; quantity bias −4 → base 74 → 70.",Raised quantity from 60 to 70 to match rising realized sales (72.9 in r6) and avoid shortage risk; raised price from 5.6 to 6.1 to improve margin resilience amid rising transfer costs and flat reputation gains.
7,8,Hyperscaler,hyperscaler,forecast=189;price=5.00;quantity=120,189,196,187,184.8,23.265094512552736,0.0,-11.975998266660184,6.0,196.0,11.395957763953476,0.7435003687133496,5.0,120,131.39595776395348,-2.5577995575439805,0.542975838601145,106.42326436582441,0.0,24.972693398129067,0.0,0.0,0.0,0.0,0.0,106.42326436582441,0.0,18.7295200485968,6.243173349532267,532.1163218291221,576.0,1.8729520048596802,1.5607933373830667,0.0,0.02,-47.33742351312069,596.5906519709073,1.0,0.0,0,0,0.7451252765350123,0.9737203598022461,0.9737203598022461,0.05934002673331029,0.9737203598022461,0.9737203598022461,0.05934002673331029,,
7,8,PremiumCloud,premium,forecast=177;price=7.00;quantity=60,177,196,187,184.8,23.265094512552736,0.0,-11.975998266660184,6.0,196.0,39.159776344250616,0.7743400898437923,7.0,60,99.15977634425062,-3.6707918921874487,0.17840789759030135,34.967947927699065,0.0,64.19182841655154,0.0,0.0,0.0,0.0,0.0,34.967947927699065,0.0,51.35346273324124,12.83836568331031,244.77563549389345,240.0,4.108277018659299,2.567673136662062,0.0,0.0,-1.900314661427915,333.1551099681957,1.0,0.0,0,0,0.7682550673828442,0.9849830627441407,0.9849830627441407,0.11807108129895488,0.9849830627441407,0.9849830627441407,0.11807108129895488,"Avg cost at qty=47 is $3.40 + $0.010*47 = $3.87. Minimum profitable price = $3.87 + $0.50 = $4.37 — well below $7.15, so margin-safe. Observed demand was 187, but recent realized sales (R5–R7) were 32.4 → 35.8 → 47.9 — trending up, yet still far below forecast (182 vs 47.9). This confirms persistent over-forecasting bias; we apply forecast_bias=-5.0 → 182−5=177, but we cap forecast at *realistic allocatable demand*, not market headline. Our inventory is 39.16, and last round’s allocated demand was 47.9 — so we can safely serve ~47 units without SLA risk. At price $7.15 and quantity 47: revenue = 47 × $7.15 = $336.05; production cost = 47 × $3.87 = $181.89; holding/obsolescence costs are low (inventory buffer ~39, coverage ≈ 1.0); expected profit ≈ $336.05 − $181.89 − ~$3.5 ≈ $150.7 — strong, sustainable, and above R7’s $144.5. Raising price modestly ($7.0→$7.15) captures margin uplift without elasticity risk (reputation stable, delivery perfect, pricing fairness high), and reducing quantity from 50→47 aligns with forecast correction and avoids overproduction.","Raised price by $0.15 (from $7.0 to $7.15) to capture margin expansion given stable reputation and zero shortage; reduced quantity by 3 (from 50 to 47) to better match upward-trending but still sub-forecast realized demand and avoid excess inventory — slower taper than prior −10 steps, per Round 5 review suggestion."
7,8,SpotBroker,spot,forecast=179;price=6.00;quantity=70,179,196,187,184.8,23.265094512552736,0.0,-11.975998266660184,6.0,196.0,0.0,0.7291425468329317,6.0,70,70.0,-3.2250289438004813,0.2786162638085537,54.60878770647653,0.0,15.391212293523473,0.0,0.0,0.0,0.0,0.0,54.60878770647653,0.0,12.00514558894831,3.386066704575164,327.65272623885915,291.2,1.440617470673797,0.7449346750065361,0.0,0.0,34.267174093178824,700.3962741929971,1.0,0.0,0,0,0.7343569101246988,0.9646465096257117,0.9662118911743165,0.04129657745361329,0.9646465096257117,0.9662118911743165,0.04129657745361329,"Avg cost = 3.60 + 0.008*70 = $4.16; min profitable price = $4.16 + $0.50 = $4.66. At $6.2, margin is safe. Realized sales trend: 64.7→72.9→74.0 (avg ~70.5), but observed demand is 187 — high allocation pressure. Quantity=70 matches recent capacity; holding inventory zero means no obsolescence risk. Expected profit ≈ (6.2−4.16)*70 − transfer_cost (~30) ≈ 142.8 − 30 = ~113 > last round’s 68.5. Price up from 6.0 to improve margin resilience amid rising volatility.","Raised price by $0.2 (from 6.0) to boost margin; held quantity at 70 (no shortage, stable fulfillment); lowered forecast by 7 vs fallback (191→183) to reduce transfer overhead, aligning with downward realized-sales trend."
7,9,Hyperscaler,hyperscaler,forecast=193;price=6.00;quantity=90,193,200,198,185.4,25.721284691251743,0.0,-11.616506633645592,6.333333333333333,200.0,18.729520048596797,0.7451252765350123,6.0,90,108.7295200485968,-3.2558496681579845,0.37128513193491364,74.25702638698273,0.0,34.47249366161407,0.0,0.0568599845011164,0.0,0.3582179023570334,1.0,74.25702638698273,0.0,25.811725257834713,8.603908419278238,445.5421583218964,391.5,2.5811725257834714,2.1509771048195594,0.0,0.02,49.648226593650385,646.2388785645577,1.0,0.0016494305593108668,0,0,0.7464470468112161,0.9802902698516847,0.9802902698516847,0.04491737768981043,0.9802902698516847,0.9802902698516847,0.04491737768981043,"Avg cost = 3.0 + 0.015*100 = $4.50; min profitable price = $4.50 + $0.50 = $5.00 → $6.20 is safe. Expected revenue = 100*6.2 = $620; prod cost = $450; holding/obsolescence ~$2.5 (based on prior trends); expected profit ≈ $167.5 — highest viable given demand surge in R7 (106.4 on 70 supply) and current observed demand 198. Avoid overstock: cap at 100 (below max 120, above R7’s 70). [Profit safety: cut quantity from 100 to 90 to avoid loss]",Raised quantity from 70 to 100 to capture pent-up demand signaled by R7’s 106.4 realized sales and current observed demand 198; raised price modestly from 6.0 to 6.2 to maintain margin amid higher volume and rising avg cost; forecast revised up from 169 to 195 to correct prior underestimation bias.
7,9,PremiumCloud,premium,forecast=181;price=7.00;quantity=50,181,200,198,185.4,25.721284691251743,0.0,-11.616506633645592,6.333333333333333,200.0,51.35346273324123,0.7682550673828442,7.0,50,101.35346273324123,-3.6780939191405864,0.24340484019783928,48.68096803956786,0.0,52.67249469367337,0.0,15.0,0.0,110.25000000000001,1.0,48.68096803956786,0.0,30.1379957549387,7.534498938734675,340.766776276975,195.0,2.411039660395096,1.506899787746935,0.0,0.0,252.098836828833,585.2539467970287,1.0,0.28477861333956694,0,0,0.7814899638708561,0.9887372970581055,0.9887372970581055,0.1597479643091079,0.9887372970581055,0.9887372970581055,0.1597479643091079,Avg cost = $3.40 + $0.010*45 = $3.85; min profitable price = $3.85 + $0.50 = $4.35 → $7.0 satisfies floor. Expected sales ~35–48 (recent avg: 39.6); 45 units avoids overstock (R8 had 51.35 inventory after selling only 35). Holding/obsolescence costs drop vs R8. Profit ≈ (7.0−3.85)*39.6 − holding/obsolescence ≈ $125+ > R8’s $164.9 is misleading — it included inflated unit profit from low realized volume; true margin efficiency peaks near 45.,"Reduced quantity from 60 to 45 to match realized demand volatility and cut holding/obsolescence; held price at $7.0 — still within legal max and reputation-safe, while avoiding costly overproduction."
7,9,SpotBroker,spot,forecast=174;price=6.00;quantity=50,174,200,198,185.4,25.721284691251743,0.0,-11.616506633645592,6.333333333333333,200.0,12.00514558894831,0.7343569101246988,6.0,50,62.00514558894831,-3.218771707850361,0.38531002786724716,77.06200557344943,15.056859984501116,0.0,15.056859984501116,0.0,110.60821790235705,0.0,0.0,77.06200557344943,0.0,0.0,0.0,462.37203344069655,200.0,0.0,0.0,0.0,0.0,151.7638155383395,852.1600897313366,1.0,0.0,0,0,0.7382676825935242,0.9734848822192839,0.9746589183807374,0.030972433090209965,0.9734848822192839,0.9746589183807374,0.030972433090209965,"Avg cost at qty=60 is $3.60 + $0.008*60 = $4.08. Minimum profitable price = $4.08 + $0.50 = $4.58. $6.2 ≥ $4.58 — compliant. Observed demand dropped sharply to 54.6 in R8 (from 74.0 in R7), but current observed demand is 198 — volatile rebound. However, our own realized sales collapsed due to over-forecasting and inflexible quantity (70→54.6). We hold 12.0 units leftover inventory, confirming oversupply. Applying quantity_bias (-7.0) and forecast_bias (-7.0) to fallback (188→181, 80→60) aligns with hard rules: reduce quantity after leftover inventory (R8 had 15.4 unsold), and avoid stockpiling. Expected profit: revenue = 60 * $6.2 = $372 (but only ~54.6 units sell → $338.5); prod cost = 60 * $4.08 = $244.8; holding/obsolescence near zero at this scale; transfer cost likely low. Gross margin ~$93.7, well above R8’s $123.3 but far more sustainable — no forced write-offs. Price increase (+$0.2 from $6.0) offsets rising unit risk and reinforces pricing_fairness_rep; reputation dimensions show strong delivery & pricing fairness, so modest hike is safe.","Reduced quantity from 70 to 60 to eliminate surplus risk (R8 had 15.4 unsold units), and raised price from $6.0 to $6.2 to maintain margin discipline amid volatility. Forecast trimmed from 179 (R8) to 181 — still cautious given recent over-forecasting bias, and aligned with observed demand of 198 but anchored to our realized-sales trend (54.6 in R8 suggests lagged market absorption). This prioritizes profit safety over volume capture."
7,10,Hyperscaler,hyperscaler,forecast=195;price=6.00;quantity=100,195,198,198,186.0,14.605762958259467,0.0,-3.0893060423134315,6.333333333333333,198.0,25.81172525783471,0.7464470468112161,6.0,100,125.81172525783471,-3.25426354382654,0.3695469347155837,73.17029307368557,0.0,52.64143218414914,0.0,15.0,0.0,94.50000000000001,1.0,73.17029307368557,0.0,28.231074138111854,9.410358046037285,439.0217584421134,450.0,2.8231074138111856,2.352589511509321,0.0,0.0,78.34606151679291,724.5849400813506,1.0,0.28494665470968417,0,0,0.7651444510277674,0.9852177023887635,0.9852177023887635,0.10492469694477886,0.9852177023887635,0.9852177023887635,0.10492469694477886,"Avg cost = $3.00 + $0.015 * 95 = $4.425. Minimum profitable price = $4.425 + $0.50 = $4.925 → $6.0 satisfies this with $1.575 margin/unit. Expected realized sales ≈ observed demand (198) but constrained by quantity (95) and prior pattern: R7 saw 106.4 sales on 70 supply (152% fill rate), R9 had 74.3 sales on 90 supply (82% fill). With inventory at 25.8 and no shortage, we can safely target ~95 units — enough to capture strong latent demand without overstocking. Expected revenue = 95 * $6.0 = $570. Production cost = 95 * $4.425 = $420.375. Holding/obsolescence costs scale with inventory; current stock (25.8) + new production (95) = 120.8 units on hand pre-sale — but realized sales expected ~95, leaving ~25.8 residual (matching current inventory), implying near-zero net inventory change → holding/obsolescence costs remain stable (~$2.6 + $2.2 ≈ $4.8). Expected profit ≈ $570 − $420.375 − $4.8 ≈ $144.8 — a dramatic rebound from R9’s -$47.3. This is the highest feasible profit given legal price cap ($6.0), cost structure, and inventory continuity.",Increased quantity from 90 (R9) to 95 to better match observed demand momentum (196→187→198) and capture pent-up demand evidenced in R7; held price flat at $6.0 to avoid demand suppression while maintaining healthy margin above cost+0.50 floor. This corrects R9’s under-supply (74.3 realized on 90 quantity) and avoids repeating the costly overproduction that drove negative profit last round.
7,10,PremiumCloud,premium,forecast=192;price=7.00;quantity=60,192,198,198,186.0,14.605762958259467,0.0,-3.0893060423134315,6.333333333333333,198.0,30.1379957549387,0.7814899638708561,7.0,60,90.1379957549387,-3.6622120433549723,0.24575356241787788,48.65920535873982,0.0,41.47879039619888,0.0,1.170501567574604,0.0,8.60318652167334,1.0,48.65920535873982,0.0,32.246631062899425,8.061657765724856,340.6144375111787,240.0,2.5797304850319542,1.6123315531449713,0.0,0.0,105.02556199467516,690.2795087917038,1.0,0.028219279212198745,0,0,0.7753811778539045,0.9915529727935791,0.9915529727935791,0.1268657930348806,0.9915529727935791,0.9915529727935791,0.1268657930348806,"Avg cost at qty=48: $3.40 + $0.010*48 = $3.88. Minimum profitable price = $3.88 + $0.50 = $4.38 → $7.0 satisfies this with wide margin. Last round (R9) profit was -$1.90 due to overstock (50 units, only 48.68 sold) and high obsolescence/holding costs. R8 had even worse overstock (60→34.97 sold). Observed demand is stable (~196–198), but realized sales remain ~48–49 — indicating persistent mismatch between quantity and *allocatable* demand (likely capped by peer allocation dynamics or transfer channel saturation). Reducing quantity to 48 aligns tightly with recent realized sales (R7: 47.9, R9: 48.68), minimizes holding/obsolescence, and preserves SLA (stock coverage ≈ 1.0). Expected profit: revenue = 48.68 * $7.0 ≈ $340.76; prod cost = 48 * $3.88 = $186.24; holding/obsolescence ~$3.5 total (based on trend); transfer revenue likely ~$110 (R9 level); net ≈ $251+ — strong recovery from R9 loss. Pricing stays at $7.0 to maintain premium positioning, pricing_fairness_rep, and avoid triggering cooperation_rep penalties from perceived dumping.",Reduced quantity from 50 (R9) to 48 to match realized demand more precisely and eliminate overstock drag; kept price flat at $7.0 to preserve reputation and avoid destabilizing the market — consistent with SLA-first discipline and prior success at this price point. Forecast held at 195 (aligned with observed demand history and smoothed by signal_smoother) but now paired with conservative allocation.
7,10,SpotBroker,spot,forecast=180;price=6.00;quantity=60,180,198,198,186.0,14.605762958259467,0.0,-3.0893060423134315,6.333333333333333,198.0,0.0,0.7382676825935242,6.0,60,60.0,-3.21407878088777,0.3846995028665384,76.1705015675746,16.170501567574604,0.0,16.170501567574604,0.0,103.10318652167335,0.0,0.0,76.1705015675746,0.0,0.0,0.0,457.0230094054476,244.8,0.0,0.0,0.0,0.0,109.11982288377425,961.2799126151108,1.0,0.0,0,0,0.7412007619451431,0.9801136616644629,0.980994188785553,0.023229324817657472,0.9801136616644629,0.980994188785553,0.023229324817657472,"Avg cost = 3.60 + 0.008*70 = $4.16; min profitable price = $4.66. $6.2 ≥ that, so viable. Last round: qty=50 sold 77.1 → over-allocated but no shortage; R8 had 15.4 unsold units → cut qty to 70 (down from 80 fallback) to avoid overstock. Observed demand surged to 198, but market avg price is $6.15 and our rep is rising — hold qty at 70 (safe coverage), raise price slightly to $6.2 to capture margin without risking demand drop. Expected profit ~$142.","Reduced forecast from fallback 199 to 187 (applying -7 forecast bias), held quantity at 70 (not 80) to prevent overstock like R8, raised price from $6.0 to $6.2 to offset rising holding/obsolescence risk and align with market avg."
7,11,Hyperscaler,hyperscaler,forecast=196;price=6.00;quantity=100,196,186,183,186.6,-2.6877897700276288,0.0,2.25663656990527,6.333333333333333,186.0,28.231074138111865,0.7651444510277674,6.0,100,128.23107413811186,-3.2318266587666784,0.3749525027385255,69.74116550936574,0.0,58.48990862874612,0.0,15.0,0.0,94.50000000000001,1.0,69.74116550936574,0.0,32.61743147155959,10.87247715718653,418.44699305619446,450.0,3.2617431471559595,2.7181192892966326,0.0,0.0,56.96713061974192,781.5520707010926,1.0,0.2564544953422603,0,0,0.7773867442297168,0.9889132767915726,0.9889132767915726,0.14280714654414922,0.9889132767915726,0.9889132767915726,0.14280714654414922,Avg cost = 3.0 + 0.015*110 = $4.65; min profitable price = $4.65 + $0.50 = $5.15 → $6.0 is valid. Expected revenue = 110*6.0 = $660. Prod cost = 110*4.65 = $511.5. Holding/obsolescence costs ~$5.2 (scaling with inventory). Expected profit ≈ $660 - $511.5 - $5.2 = $143.3 > last round's $49.6. Quantity up from 100 to meet latent demand signaled by R7’s 106.4 realized on 70 supply and recent observed demand of 183. [Profit safety: cut quantity from 110 to 100 to avoid loss],"Increased quantity from 100 to 110 to better match observed demand (183) and prior pent-up demand signals; held price at $6.0 to maintain margin stability and avoid demand suppression, per R8–R10 guidance."
7,11,PremiumCloud,premium,forecast=191;price=7.00;quantity=60,191,186,183,186.6,-2.6877897700276288,0.0,2.25663656990527,6.333333333333333,186.0,32.246631062899425,0.7753811778539045,7.0,60,92.24663106289943,-3.6695425865753144,0.2420352630867769,45.0185589341405,0.0,47.228072128758924,0.0,6.240275556493742,0.0,45.86602534022901,1.0,45.0185589341405,0.0,32.790237257812144,8.197559314453036,315.1299125389835,240.0,2.6232189806249715,1.6395118628906074,0.0,0.0,116.7332070356969,807.0127158274007,1.0,0.13213064339109043,0,0,0.7772940486023716,0.9936647295951844,0.9936647295951844,0.12818200562393306,0.9936647295951844,0.9936647295951844,0.12818200562393306,"Avg cost = $3.40 + $0.010*50 = $3.90; min profitable price = $3.90 + $0.50 = $4.40 → $7.0 is legal and optimal. Last 3 rounds: avg realized sales = ~44.1; holding/obsolescence spiked at qty=60 (R8,R10). Qty=50 avoids overstock, matches recent demand, and sustains profit: expected revenue = 44.1*7.0 = $308.7, prod cost = $195.0, holding/obsolescence ~$4.1 → profit ~$109.5. Higher qty risks loss.","Reduced quantity from 60 to 50 to align with stable realized demand (~44 units) and avoid recurring overstock; held price at $7.0 — reputation-safe, legally compliant, and maximizes margin per sold unit."
7,11,SpotBroker,spot,forecast=166;price=6.00;quantity=50,166,186,183,186.6,-2.6877897700276288,0.0,2.25663656990527,6.333333333333333,186.0,0.0,0.7412007619451431,6.0,50,50.0,-3.2105590856658277,0.38301223417469754,71.24027555649374,21.240275556493742,0.0,21.240275556493742,0.0,140.36602534022902,0.0,0.0,71.24027555649374,0.0,0.0,0.0,427.44165333896245,200.0,0.0,0.0,0.0,0.0,87.07562799873347,1048.3555406138444,1.0,0.0,0,0,0.7434005714588573,0.9850852462483471,0.9857456415891648,0.017421993613243106,0.9850852462483471,0.9857456415891648,0.017421993613243106,"Avg cost = 3.60 + 0.008*60 = $4.08; min profitable price = $4.58. $6.2 ≥ $4.58 → valid. Expected profit ≈ (6.2−4.08)*60 − holding/obsolescence ≈ $127.2, avoiding overstock (R10 sold 76.2 of 60 → no shortage, but R8 overproduced at 70). Observed demand 183, but recent realized sales avg ~76 — forecast bias applied: 180−7=173. Quantity held at 60: matches R10’s efficient output (no waste, no shortage).",Reduced forecast by 7 (180→173) per evolution bias; held quantity at 60 (same as R10) to avoid R8-style overstock; raised price from $6.0 to $6.2 to capture margin amid rising market avg ($6.23) and maintain floor above cost.
7,12,Hyperscaler,hyperscaler,forecast=172;price=6.00;quantity=80,172,176,178,187.2,-14.324184120126024,0.0,3.1764085009335394,6.333333333333333,176.0,32.6174314715596,0.7773867442297168,6.0,80,112.6174314715596,-3.217135906924339,0.37781237504823695,66.49497800848971,0.0,46.12245346306989,0.0,7.110668059592896,0.0,44.79720877543525,1.0,66.49497800848971,0.0,29.258839052607744,9.752946350869248,398.96986805093826,336.0,2.9258839052607746,2.438236587717312,0.0,0.0,102.40295633339542,883.955027034488,1.0,0.15416933674801986,0,0,0.7801756417190389,0.9916849575936795,0.9916849575936795,0.14564769409511688,0.9916849575936795,0.9916849575936795,0.14564769409511688,"Avg cost = $3.00 + $0.015*75 = $4.125; min profitable price = $4.625 → $6.2 satisfies floor + margin. Expected sales ≈ observed demand 178, but market allocation is capped by reputation and capacity — recent realized sales avg ~72, so quantity 75 avoids overstock (own inventory 32.6) while covering likely allocation. Profit = 72*$6.2 − (75*$4.125 + holding/obsolescence) ≈ $78+ (conservative, no transfer revenue assumed).","Reduced quantity from 100 to 75 to match realized demand trend (~70–74), avoid further inventory buildup; raised price $0.2 to improve margin per unit amid stable inelastic demand and rising reputation."
7,12,PremiumCloud,premium,forecast=170;price=7.00;quantity=50,170,176,178,187.2,-14.324184120126024,0.0,3.1764085009335394,6.333333333333333,176.0,32.79023725781215,0.7772940486023716,7.0,50,82.79023725781215,-3.6672471416771533,0.24087701097680347,42.39435393191741,0.0,40.395883325894744,0.0,0.0,0.0,0.0,0.0,42.39435393191741,0.0,32.316706660715795,8.079176665178949,296.76047752342186,195.0,2.5853365328572635,1.6158353330357897,0.0,0.0,97.5593056575288,904.5720214849296,1.0,0.0,0,0,0.7704705364517787,0.9952485471963883,0.9952485471963883,0.0961365042179498,0.9952485471963883,0.9952485471963883,0.0961365042179498,"Avg cost at quantity=50 is $3.40 + $0.010*50 = $3.90. Minimum profitable price = $3.90 + $0.50 = $4.40 — well below our $7.0 price. Expected revenue = 45.0 (recent realized sales avg) * $7.0 = $315.0. Production cost = 50 * $3.90 = $195.0. Holding/obsolescence costs scale with inventory; last round’s inventory grew to 32.8 despite zero shortage, confirming overstocking. Reducing quantity from 60 → 50 cuts holding cost (~$0.25/unit), avoids obsolescence drag, and aligns with realized demand (~45 units). Forecast adjusted down from 191→174 to reflect persistent −4.0 forecast_bias and observed demand of 178 — this corrects for structural overestimation while staying conservative. Expected profit ≈ $315 − $195 − ~$2.5 (holding) − ~$1.6 (obsolescence) = ~$113.8 — up from R11’s $105 and sustainable without SLA risk.","Reduced quantity from 60 to 50 to directly address inventory buildup (own_inventory=32.8) and falling realized sales (45.0 in R11). Held price at 7.0 — no elasticity signal (no shortage, stable reputation), and raising price would risk fairness_rep without upside given market_avg_price=6.27. Adjusted forecast down to 174 to better anchor to observed demand (178) and counteract the aggressive −4.0 forecast_bias that previously inflated forecasts by ~3×."
7,12,SpotBroker,spot,forecast=166;price=6.00;quantity=60,166,176,178,187.2,-14.324184120126024,0.0,3.1764085009335394,6.333333333333333,176.0,0.0,0.7434005714588573,6.0,60,60.0,-3.2079193142493705,0.38131061397495963,67.1106680595929,7.110668059592896,0.0,7.110668059592896,0.0,44.79720877543525,0.0,0.0,67.1106680595929,0.0,0.0,0.0,402.66400835755735,244.8,0.0,0.0,0.0,0.0,113.06679958212209,1161.4223401959664,1.0,0.0,0,0,0.7450504285941429,0.9888139346862603,0.9893092311918736,0.01306649520993233,0.9888139346862603,0.9893092311918736,0.01306649520993233,"Avg cost = 3.60 + 0.008*70 = $4.16; min profitable price = $4.66 → $6.0 is safe. Expected sales ~71–77 (recent avg), so Q=70 avoids shortage risk while improving margin efficiency vs Q=50/60. Transfer cost spiked last round due to misalignment — larger but calibrated Q reduces transfer frequency. Expected profit: ~75 units sold × ($6.0 − $4.16) − transfer cost ≈ $138, up from $109 in R11.",Increased quantity from 50 to 70 to better match realized demand trend (~71–77) and reduce transfer cost volatility; kept price at $6.0 for stability and reputation continuity; lowered forecast from 166→172 to tighten bias (−6.0 applied automatically).
7,13,Hyperscaler,hyperscaler,forecast=166;price=6.00;quantity=80,166,172,181,187.8,-12.886974542847518,0.0,-3.1985776073049035,6.333333333333333,172.00000000000003,29.25883905260774,0.7801756417190389,6.0,80,109.25883905260774,-3.2137892299371527,0.379056957253124,65.19779664753733,0.0,44.06104240507041,0.0,5.711596637856644,0.0,35.983058818496865,1.0,65.19779664753733,0.0,28.762084325410324,9.587361441803441,391.186779885224,336.0,2.8762084325410324,2.3968403604508604,0.0,0.0,85.89678991072897,969.851816945217,1.0,0.12962917639005678,0,0,0.7807335548136577,0.9937637181952597,0.9937637181952597,0.14164306466885185,0.9937637181952597,0.9937637181952597,0.14164306466885185,"Avg cost = $3.00 + $0.015*75 = $4.125; min profitable price = $4.625 → $6.2 satisfies floor + $0.50 risk buffer. Realized demand avg (R10–R12): ~69.8 → 75 quantity avoids shortage (0 for 4 rounds) and cuts obsolescence vs prior 80/100. Expected profit: revenue $6.2*66.5 ≈ $412.3, prod cost $336, holding/obsolescence ↓ with lower inventory, net profit ↑ vs R12’s $56.97.","Reduced quantity from 80 to 75 to better match recent realized demand (~66–70), raised price from $6.0 to $6.2 to improve margin per unit without risking demand loss (inelasticity confirmed), and lowered forecast from 172 to 172 (no change—already aligned with observed 181 but reputation-adjusted demand remains ~66–70)."
7,13,PremiumCloud,premium,forecast=166;price=7.00;quantity=40,166,172,181,187.8,-12.886974542847518,0.0,-3.1985776073049035,6.333333333333333,172.00000000000003,32.316706660715795,0.7704705364517787,7.0,40,72.3167066607158,-3.675435356257865,0.23889887624770956,41.09060671460605,0.0,31.22609994610975,0.0,0.0,0.0,0.0,0.0,41.09060671460605,0.0,24.9808799568878,6.24521998922195,287.6342470022423,152.0,1.9984703965510242,1.2490439978443901,0.0,0.0,132.3867326078469,1036.9587540927764,1.0,0.0,0,0,0.765352902338834,0.9964364103972913,0.9964364103972913,0.07210237816346235,0.9964364103972913,0.9964364103972913,0.07210237816346235,"Avg cost = 3.40 + 0.010*40 = $3.80; min profitable price = $4.30 — 7.0 satisfies floor + risk buffer. Last 3 rounds: realized sales = 48.7 → 45.0 → 42.4, trending down. Holding obsolescence costs rising with inventory (32.3 units carried). At quantity=40, we cover ~1x recent demand (42.4), avoid overstock, cut production cost to $152, and eliminate holding/obsolescence drag. Expected profit ≈ 42.4*7.0 − (3.40+0.010*40)*40 ≈ $297 − $152 = $145 (before minor holding costs) — highest risk-adjusted return.",Reduced quantity from 50 to 40 to align with declining realized demand trend and shrink inventory; held price at 7.0 since no elasticity signal and it clears SLA with margin.
7,13,SpotBroker,spot,forecast=169;price=6.00;quantity=60,169,172,181,187.8,-12.886974542847518,0.0,-3.1985776073049035,6.333333333333333,172.00000000000003,0.0,0.7450504285941429,6.0,60,60.0,-3.205939485687028,0.3820441664991665,65.71159663785664,5.711596637856644,0.0,5.711596637856644,0.0,35.983058818496865,0.0,0.0,65.71159663785664,0.0,0.0,0.0,394.26957982713986,244.8,0.0,0.0,0.0,0.0,113.48652100864297,1274.9088612046094,1.0,0.0,0,0,0.7462878214456072,0.9916104510146952,0.9919819233939052,0.009799871407449246,0.9916104510146952,0.9919819233939052,0.009799871407449246,"Avg cost = 3.60 + 0.008*70 = $4.16; min profitable price = $4.66 → $6.0 is safe. Expected sales ~67–71 (recent avg), so 70 units avoids shortage while limiting overstock risk. Transfer cost dropped in R12, so scaling quantity modestly improves margin efficiency. Profit estimate: revenue 67*6.0 = $402, prod cost 70*4.16 = $291.2, transfer cost ~$50 → ~$60 profit, up from R12's $87 but with better inventory alignment and lower obsolescence risk.",Increased quantity from 60 to 70 to match improving stock coverage trend (0.89→target ~0.95) and offset negative forecast bias (-6.0); held price at $6.0 — still optimal per strategy review and above all floors.
7,14,Hyperscaler,hyperscaler,forecast=164;price=6.00;quantity=70,164,190,196,188.4,-0.9043675636014175,0.0,2.4569055677849825,6.466666666666666,190.0,28.762084325410328,0.7807335548136577,6.0,70,98.76208432541033,-3.21311973422361,0.41870283930782226,79.55353946848624,0.0,19.208544856924092,0.0,5.648528163357646,0.0,35.585727429153174,1.0,79.55353946848624,0.0,10.17001252017483,3.3900041733916098,477.3212368109174,283.5,1.017001252017483,0.8475010433479024,0.0,0.0,227.5424619447052,1197.3942788899221,1.0,0.2940633038801752,0,0,0.7914291226027543,0.9953227886464447,0.9953227886464447,0.1797481244716827,0.9953227886464447,0.9953227886464447,0.1797481244716827,"Avg cost = $3.00 + $0.015*70 = $4.05; min profitable price = $4.55 → $6.2 satisfies floor + margin. Realized sales last 3 rounds: ~65–70 → quantity 70 avoids overstock (current inventory 28.76) and eliminates holding/obsolescence drag. Expected profit = 70*($6.2 − $4.05) − holding/obsolescence ≈ $150.5, up from $102.4, with zero shortage risk.",Reduced quantity from 80 to 70 to match realized demand trend and cut inventory; raised price from $6.0 to $6.2 to improve unit margin without risking demand (inelastic at current levels); lowered forecast from 166 to 170 to better reflect recent allocations (~65–70) and reduce overestimation bias.
7,14,PremiumCloud,premium,forecast=180;price=7.00;quantity=100,180,190,196,188.4,-0.9043675636014175,0.0,2.4569055677849825,6.466666666666666,190.0,24.980879956887804,0.765352902338834,7.0,100,124.9808799568878,-3.681576517193399,0.2620943808850321,49.797932368156104,0.0,75.18294758873171,0.0,15.0,0.0,110.25000000000001,1.0,49.797932368156104,0.0,48.146358070985364,12.036589517746341,348.5855265770927,440.0,3.8517086456788294,2.4073179035492682,0.0,0.0,12.57650002786461,1049.535254120641,1.0,0.19951332690563697,0,0,0.7739842596857278,0.9973273077979684,0.9973273077979684,0.103955115349006,0.9973273077979684,0.9973273077979684,0.103955115349006,,
7,14,SpotBroker,spot,forecast=168;price=6.40;quantity=40,168,190,196,188.4,-0.9043675636014175,0.0,2.4569055677849825,6.466666666666666,190.0,0.0,0.7462878214456072,6.4,40,40.0,-3.484454614265271,0.3192027798071455,60.648528163357646,20.648528163357646,0.0,20.648528163357646,0.0,145.8357274291532,0.0,0.0,60.648528163357646,0.0,0.0,0.0,388.150580245489,156.8,0.0,0.0,0.0,0.01200000000000001,85.50285281633577,1360.411714020945,1.0,0.0,0,0,0.7472158660842054,0.9937078382610214,0.9939864425454289,0.007349903555586935,0.9937078382610214,0.9939864425454289,0.007349903555586935,"Avg cost = 3.60 + 0.008*50 = $4.00; min profitable price = $4.50 — $6.0 clears floor with $1.50 margin/unit. Recent realized sales: 71.2 → 67.1 → 65.7 (avg 68). Forecast bias is -6.0, so base forecast = 68 + 6 = 74 → but market observed demand surged to 196; however, our inventory is 0 and we can’t fulfill more than quantity sold. Past over-forecasting caused high transfer costs and low stock coverage. Stick to proven $6.0 price and reduce quantity to 50 to cut prod/transfer costs — profit expected: 50*6.0 − (3.60+0.008*50)*50 − transfer_cost ≈ $300 − $200 − $36 = $64 > 0.","Reduced quantity from 60 to 50 to align with recent realized sales (~66) and avoid overproduction; kept price at $6.0 — stable, profitable, reputation-safe; adjusted forecast down by bias correction to 174 (vs. naive 180) to temper over-optimism."
7,15,Hyperscaler,hyperscaler,forecast=185;price=6.00;quantity=80,185,197,193,189.0,11.117764617811122,0.0,-3.2367228958766647,6.466666666666666,196.99999999999997,10.170012520174822,0.7914291226027543,6.0,80,90.17001252017482,-3.200285052876694,0.42053974081612144,82.84632894077592,0.0,7.323683579398903,0.0,0.0,0.0,0.0,0.0,82.84632894077592,0.0,5.492762684549177,1.8309208948497258,497.0779736446555,336.0,0.5492762684549177,0.45773022371243144,0.0,0.0,160.07096715248815,1357.4652460424104,1.0,0.0,0,0,0.7810718419520657,0.9964920914848335,0.9964920914848335,0.134811093353762,0.9964920914848335,0.9964920914848335,0.134811093353762,"Avg cost = $3.00 + $0.015*85 = $4.275; min profitable price = $4.775 → $6.0 is valid. Expected profit = (6.0 - 4.275)*85 - holding/obsolescence ≈ $146.63 - ~$1.2 = ~$145.4 > last round's $85.9. Quantity up from 70 to 85 captures latent demand (Round 14 realized 79.55 on 70), avoids shortage, stays under max 120, and maintains price stability. Reputation and market avg ($6.36) support $6.0 as fair.","Increased quantity from 70 to 85 to better capture observed upside demand (79.55 realized on 70 in R14) while holding price at $6.0 — aligns with profit-maximizing buffer targeting ~85–90% of recent realized demand average (~73.7), now scaled up given strong R15 observed demand (193) and healthy inventory (10.2 units)."
7,15,PremiumCloud,premium,forecast=190;price=7.00;quantity=60,190,197,193,189.0,11.117764617811122,0.0,-3.2367228958766647,6.466666666666666,196.99999999999997,48.14635807098537,0.7739842596857278,7.0,60,108.14635807098537,-3.671218888377126,0.2625929587534691,51.73081287443341,0.0,56.41554519655196,0.0,2.4228581847906483,0.0,17.808007658211267,1.0,51.73081287443341,0.0,43.19414960940906,10.798537402352265,362.1156901210339,240.0,3.455531968752725,2.1597074804704532,0.0,0.0,134.30845833002195,1183.843712450663,1.0,0.04294664132641813,0,0,0.7706723598471971,0.9979954808484763,0.9979954808484763,0.08870299684335903,0.9979954808484763,0.9979954808484763,0.08870299684335903,"Avg cost at quantity=55 is $3.40 + $0.010*55 = $3.95. Minimum profitable price = $3.95 + $0.50 = $4.45 — well below our $7.0 price. Expected revenue = min(55, 193) * $7.0 = $385.0. Production cost = 55 * $3.95 = $217.25. Holding/obsolescence costs are expected to remain low (no shortage, modest inventory build vs prior 48.1 units). Expected profit ≈ $385.0 − $217.25 − ~$3.5 holding − ~$2.2 obsolescence ≈ $162.0 — highest achievable without overstocking risk or price erosion. Quantity=55 balances fill rate improvement (vs prior 40→42→49 realized sales), reduces per-unit cost volatility vs 40-unit batch, and avoids costly underutilization seen in R13 ($440 for only 40 units). Price held at $7.0: stable, above market avg ($6.36), maintains premium positioning and SLA credibility; no margin pressure observed.","Increased quantity from 40 (R13) to 55 — a +15 unit adjustment — to better match observed demand (193), improve stock coverage (~1.1x vs prior 0.8x), reduce per-unit production cost volatility, and recover lost margin from inefficient small-batch production. Price unchanged at $7.0: continues proven stability, avoids reputational risk from discounting, and preserves pricing fairness rep. Forecast updated to observed_demand=193 (no bias applied — system will add forecast_bias=-3.0 post-decision)."
7,15,SpotBroker,spot,forecast=152;price=6.40;quantity=60,152,197,193,189.0,11.117764617811122,0.0,-3.2367228958766647,6.466666666666666,196.99999999999997,0.0,0.7472158660842054,6.4,60,60.0,-3.483340960698953,0.3168673004304094,62.42285818479065,2.4228581847906483,0.0,2.4228581847906483,0.0,17.808007658211267,0.0,0.0,62.42285818479065,0.0,0.0,0.0,399.50629238266015,244.8,0.0,0.0,0.0,0.0,136.89828472444884,1497.3099987453938,1.0,0.0,0,0,0.7479118995631541,0.9952808786957661,0.9954898319090717,0.005512427666690201,0.9952808786957661,0.9954898319090717,0.005512427666690201,"Avg cost = 3.60 + 0.008*55 = $4.04; min profitable price = $4.54 → $6.0 is safe. Expected profit: revenue = 60.6*6.0 ≈ $363.6 (using R14 realized sales as proxy), prod cost = 55*4.04 = $222.2, transfer cost drops vs R14 (less under-allocation), net profit > $113.5. Holding price at $6.0 avoids demand suppression; increasing quantity from 40 to 55 reduces costly transfers while staying below forecast and avoiding shortage.","Raised quantity from 40 to 55 to cut transfer costs; held price at $6.0 (down $0.4 from R14) to improve allocation share and margin efficiency, per R14 lesson that price hike didn’t lift revenue but spiked transfers."
7,16,Hyperscaler,hyperscaler,forecast=186;price=6.00;quantity=80,186,198,197,189.6,12.671822360591289,0.0,-3.864852057286676,6.466666666666666,198.0,5.492762684549177,0.7810718419520657,6.0,80,85.49276268454918,-3.2127137896575206,0.41784032098428403,82.73238355488824,0.0,2.760379129660933,0.0,0.0,0.0,0.0,0.0,82.73238355488824,0.0,2.0702843472456998,0.6900947824152333,496.39430132932944,336.0,0.20702843472457,0.1725236956038083,0.0,0.0,160.01474919900105,1517.4799952414114,1.0,0.0,0,0,0.7733038814640493,0.9973690686136252,0.9973690686136252,0.10110832001532151,0.9973690686136252,0.9973690686136252,0.10110832001532151,"Avg cost = $3.00 + $0.015*85 = $4.275; min profitable price = $4.775 → $6.0 satisfies rule. Expected sales ≈ recent realized avg (65.2→79.6→82.8 ≈ 75.9), but observed demand surged to 197 — however, we only need to cover latent upside without overstock; 85 units clears inventory risk (current stock 5.5), avoids shortage (no shortage last 3 rounds), and maximizes profit: revenue = 85*6.0 = $510, prod cost = $361.875, holding/obsolescence low, expected profit ~$140+.","Increased quantity from 80 to 85 to better capture rising realized demand (79.6→82.8) and observed market demand spike (197), while keeping price stable at $6.0 — aligns with profit rule and avoids overstock given current low inventory (5.5 units)."
7,16,PremiumCloud,premium,forecast=189;price=7.00;quantity=60,189,198,197,189.6,12.671822360591289,0.0,-3.864852057286676,6.466666666666666,198.0,43.19414960940907,0.7706723598471971,7.0,60,103.19414960940907,-3.675193168183363,0.26312257120018934,52.09826909763749,0.0,51.095880511771576,0.0,13.169347347474265,0.0,96.79470300393585,1.0,52.09826909763749,0.0,30.341226531437854,7.585306632859464,364.6878836834624,240.0,2.4272981225150283,1.5170613265718929,0.0,0.0,217.53822723831135,1401.3819396889742,1.0,0.25773794708245185,0,0,0.781612891578051,0.9984966106363573,0.9984966106363573,0.13096173440313225,0.9984966106363573,0.9984966106363573,0.13096173440313225,"Avg cost = $3.40 + $0.010*65 = $4.05; min profitable price = $4.55 → $7.0 is safe. Expected sales ~52 (recent avg), so 65 units avoids shortage while lowering avg cost vs 40/60. Profit ≈ 52*$7.0 − (65*$4.05 + holding/obsolescence) ≈ $138 > last round's $12.6. No shortage, no inventory loss, SLA intact.",Increased quantity from 60 to 65 to improve fill rate and reduce per-unit cost volatility; held price at $7.0 for SLA stability and margin safety—aligns with strategy review’s call to target forecast trend (~190) and fix understocking.
7,16,SpotBroker,spot,forecast=142;price=6.40;quantity=50,142,198,197,189.6,12.671822360591289,0.0,-3.864852057286676,6.466666666666666,198.0,0.0,0.7479118995631541,6.4,50,50.0,-3.4825057205242147,0.3190371078155266,63.169347347474265,13.169347347474265,0.0,13.169347347474265,0.0,96.79470300393585,0.0,0.0,63.169347347474265,0.0,0.0,0.0,404.28382302383534,200.0,0.0,0.0,0.0,0.0,107.48912001989947,1604.7991187652933,1.0,0.0,0,0,0.7484339246723656,0.9964606590218246,0.9966173739318038,0.004134320750017651,0.9964606590218246,0.9966173739318038,0.004134320750017651,"Avg cost = 3.60 + 0.008*50 = $4.00; min profitable price = $4.50. $6.0 meets floor and avoids R14's transfer-cost spike. Expected profit: revenue $300 - prod cost $200 - transfer cost (~$40, down from $145 in R14) ≈ $60 net, up from R15's $85.5 but with lower risk and better margin efficiency. Holding price steady at $6.0 improves allocation share vs $6.4 while quantity 50 balances coverage (R15 stock coverage was 0.96 at qty=60) and cuts excess transfer reliance.",Lowered price from $6.4 to $6.0 to boost allocation share and reduce transfer dependency; increased quantity from 40 (R14) back to 50 to improve stock coverage and lower per-unit transfer burden; trimmed forecast from 152 to 150 to align with persistent over-forecasting trend.
7,17,Hyperscaler,hyperscaler,forecast=187;price=6.00;quantity=80,187,194,195,190.2,1.2244923137976373,0.0,2.685367789446038,6.466666666666666,194.0,2.0702843472457033,0.7733038814640493,6.0,80,82.0702843472457,-3.22203534224314,0.4140461783188768,80.32495859386209,0.0,1.7453257533836108,0.0,0.0,0.0,0.0,0.0,80.32495859386209,0.0,1.3089943150377081,0.4363314383459027,481.9497515631725,336.0,0.1308994315037708,0.10908285958647568,0.0,0.0,145.7097692720823,1663.1897645134936,1.0,0.0,0,0,0.767477911098037,0.9980268014602189,0.9980268014602189,0.07583124001149114,0.9980268014602189,0.9980268014602189,0.07583124001149114,"Avg cost = $3.00 + $0.015*85 = $4.275; min profitable price = $4.775 → $6.0 is valid. Expected profit = (6.0 - 4.275)*85 - holding/obsolescence ≈ $146.63 (conservative vs. Round 16's $160.07). Quantity raised from 80 to 85 to better capture observed demand (195) and recent realized sales (~82.7–82.8), while staying under max 120 and avoiding overstock (own inventory only 2.07). Forecast bias -4.0 applied to 195 → 191.","Increased quantity from 80 to 85 to align with strong observed demand (195) and recent realized sales (~82.7), while maintaining $6.0 price — no erosion in reputation or profitability, and avoids under-serving latent demand captured via transfer channel in prior rounds."
7,17,PremiumCloud,premium,forecast=192;price=7.00;quantity=60,192,194,195,190.2,1.2244923137976373,0.0,2.685367789446038,6.466666666666666,194.0,30.341226531437854,0.781612891578051,7.0,60,90.34122653143785,-3.6620645301063384,0.26665303570172794,51.73068892613522,0.0,38.61053760530263,0.0,1.9443524800026708,0.0,14.290990728019631,1.0,51.73068892613522,0.0,29.332948100239975,7.333237025059994,362.1148224829466,240.0,2.346635848019198,1.4666474050119989,0.0,0.0,132.592529957935,1533.9744696469093,1.0,0.05035807840540507,0,0,0.776857048583876,0.998872457977268,0.998872457977268,0.11081082040370045,0.998872457977268,0.998872457977268,0.11081082040370045,"Avg cost = $3.40 + $0.010 * 65 = $4.05. Minimum profitable price = $4.05 + $0.50 = $4.55 → $7.0 satisfies this with wide margin. Expected revenue = min(65, 195) * $7.0 = $455.00. Production cost = 65 * $4.05 = $263.25. Holding/obsolescence costs are low historically at this scale (R16: ~$3.95 total for 60 units); scaling to 65 adds < $1.00. Expected profit ≈ $455 − $263.25 − $4.5 ≈ $187.25 — strong and higher than R16’s $134.31. Quantity increased from 60 to 65 to better match observed demand (195), improve fill rate, reduce per-unit cost volatility, and reverse the understocking trend (R13–R16 stock coverage drifted 0.8→1.15 but realized sales remain ~52; increasing quantity modestly captures more of the high-margin allocation without risking shortage or inventory decay). Price held at $7.0 — stable, premium-aligned, above market avg ($6.41), and reputation-safe (pricing_fairness_rep = 0.998).","Increased quantity from 60 to 65 to better align with observed demand of 195 and recent forecast trend (~189–196), reversing conservative understocking. Price unchanged at $7.0 — maintains premium positioning, avoids margin erosion, and sustains delivery and pricing fairness reputation. This corrects the R13–R15 pattern of shrinking quantity despite rising demand signals and improves unit economics by lowering avg cost from $4.00 (at 60) to $4.05 (at 65) while keeping profit per unit high."
7,17,SpotBroker,spot,forecast=142;price=6.40;quantity=60,142,194,195,190.2,1.2244923137976373,0.0,2.685367789446038,6.466666666666666,194.0,0.0,0.7484339246723656,6.4,60,60.0,-3.481879290393161,0.3193007859793952,61.94435248000267,1.9443524800026708,0.0,1.9443524800026708,0.0,14.290990728019631,0.0,0.0,61.94435248000267,0.0,0.0,0.0,396.44385587201714,244.8,0.0,0.0,0.0,0.0,137.35286514399752,1742.1519839092907,1.0,0.0,0,0,0.7488254435042743,0.9973454942663684,0.9974630304488529,0.003100740562513238,0.9973454942663684,0.9974630304488529,0.003100740562513238,"Avg cost = 3.60 + 0.008*60 = $4.08; min profitable price = $4.58 → $6.0 is safe. Last 3 rounds: realized sales ~62 units, so 60 quantity avoids shortage & excess transfer costs (R14–R16 transfer costs spiked with low quantity). Expected profit ≈ (6.0−4.08)*60 − transfer_cost (~$50 est) ≈ $115, up from R16's $136.8 but with lower risk and better margin stability. Holding price at $6.0 avoids demand drop seen in R14's $6.4 spike.",Raised quantity from 50 to 60 to cut transfer dependency; held price at $6.0 (down $0.4 from R14–R16) to improve allocation share and reduce forecast overestimation pressure.
7,18,Hyperscaler,hyperscaler,forecast=175;price=6.00;quantity=80,175,173,168,190.8,-15.816042990667235,0.0,-1.9230687613744406,6.466666666666666,172.99999999999997,1.3089943150377081,0.767477911098037,6.0,80,81.30899431503771,-3.229026506682355,0.4129173236615274,71.43469699344423,0.0,9.874297321593474,0.0,0.0,0.0,0.0,0.0,71.43469699344423,0.0,7.4057229911951055,2.4685743303983685,428.60818196066543,336.0,0.7405722991195106,0.6171435825995921,0.0,0.0,91.25046607894633,1754.44023059244,1.0,0.0,0,0,0.7631084333235278,0.9985201010951642,0.9985201010951642,0.05687343000861835,0.9985201010951642,0.9985201010951642,0.05687343000861835,"Avg cost = 3.0 + 0.015*75 = $4.125; min profitable price = $4.625 → $6.0 is valid. Realized sales fell to 80.32 in R17, and inventory is rising (1.31 units carried). Reducing quantity from 80 to 75 avoids overstock while maintaining coverage (75 < 80.32 → slight shortage risk, but price at $6.0 caps demand elasticity; expected profit increases due to lower holding/obsolescence and higher unit margin. Forecast bias (-6.0) applied to prior 187 → 181.",Reduced quantity from 80 to 75 to align with declining realized demand (~80.3) and cut holding costs; kept price flat at $6.0 since it's profitable and market avg is $6.44 — no need to undercut. Forecast lowered from 187 to 181 to correct overconfidence.
7,18,PremiumCloud,premium,forecast=184;price=7.00;quantity=50,184,173,168,190.8,-15.816042990667235,0.0,-1.9230687613744406,6.466666666666666,172.99999999999997,29.332948100239975,0.776857048583876,7.0,50,79.33294810023997,-3.667771541699348,0.2662677424372732,46.06431944164826,0.0,33.268628658591716,0.0,0.0,0.0,0.0,0.0,46.06431944164826,0.0,26.614902926873373,6.653725731718343,322.4502360915378,195.0,2.12919223414987,1.3307451463436688,0.0,0.0,123.99029871104428,1657.9647683579535,1.0,0.0,0,0,0.7701427864379071,0.999154343482951,0.999154343482951,0.08310811530277534,0.999154343482951,0.999154343482951,0.08310811530277534,"Avg cost = $3.40 + $0.010*50 = $3.90; min profitable price = $3.90 + $0.50 = $4.40 → $7.0 is valid. Expected sales ~52 (historical avg), so 50 units avoids holding/obsolescence drag while ensuring zero shortage and full SLA compliance. Profit ≈ 50*7.0 − (3.40+0.010*50)*50 − holding/obsolescence ≈ $350 − $195 − ~$2 = $153, up from prior round’s $217.5? Wait—no: lower quantity reduces cost base but also revenue cap; however, holding/obsolescence dropped from $3.8 to ~$1.2 at qty=50, and no inventory waste. Historical sales plateau at ~51.8, so qty=50 is safe, lean, and maximizes margin/unit. Price held at $7.0 (reputation + profit stable, no elasticity signal).",Reduced quantity from 60 to 50 to align with realized demand (~51.8) and eliminate excess inventory costs; forecast lowered from 192 to 188 to reflect persistent over-forecasting bias (−4.0 applied); price unchanged at $7.0 — optimal for reputation and margin.
7,18,SpotBroker,spot,forecast=156;price=6.40;quantity=60,156,173,168,190.8,-15.816042990667235,0.0,-1.9230687613744406,6.466666666666666,172.99999999999997,0.0,0.7488254435042743,6.4,60,60.0,-3.4814094677948706,0.3208149339011993,55.50098356490748,0.0,4.499016435092521,0.0,0.0,0.0,0.0,0.0,55.50098356490748,0.0,3.509232819372167,0.9897836157203547,355.2062948154079,244.8,0.42110793832466004,0.21775239545847802,0.0,0.0,109.76743448162473,1851.9194183909156,1.0,0.0,0,0,0.7491190826282056,0.9980091206997763,0.9980972728366396,0.0023255554218849285,0.9980091206997763,0.9980972728366396,0.0023255554218849285,"Avg cost at qty=65 is $3.60 + $0.008*65 = $4.12. Minimum profitable price = $4.12 + $0.50 = $4.62 — well below $6.4, so pricing is safe. Last round’s realized sales were 61.94; round 16 hit 63.17 with only 50 units (causing high transfer cost $96.79). Raising quantity to 65 targets better stock coverage (~1.05x recent realized demand), reducing transfer dependency while staying within legal max (80) and avoiding overstock: 65 is 2.5x less than the absurdly inflated forecast bias (168 → -6 → 162), but aligned with actual demand (~62–63). Expected profit: revenue = 61.94 * 6.4 ≈ $396.42 (assuming same realized sales), prod cost = 65 * 4.12 = $267.80, transfer cost drops sharply vs round 16 (no last-minute top-up needed), holding/obsolescence near zero. Net expected profit ~$115–$125 — up from $107.5 in round 17 and avoids round 16’s transfer spike. Reputation remains stable: delivery_rep stays high (no shortage), pricing_fairness unchanged at $6.4 (market avg is $6.44), cooperation_rep unaffected (no refusal to help).","Increased quantity from 60 to 65 to better match realized demand (~62–63) and reduce costly transfers; held price steady at $6.4 per strategy review recommendation — it’s reputation-stable, legally compliant, and profit-safe. Forecast revised down from 142 to 162 (aligning with observed demand 168 but dampening noise via forecast_bias -6), correcting prior over-optimism without overreacting."
7,19,Hyperscaler,hyperscaler,forecast=163;price=6.00;quantity=70,163,160,166,191.4,-26.625652254853144,0.0,-4.509513113084269,6.466666666666666,160.0,7.4057229911951055,0.7631084333235278,6.0,70,77.4057229911951,-3.234269880011766,0.4124833607743526,65.99733772389642,0.0,11.408385267298684,0.0,0.0,0.0,0.0,0.0,65.99733772389642,0.0,8.556288950474013,2.852096316824671,395.98402634337856,283.5,0.8556288950474014,0.7130240792061677,0.0,0.0,110.91537336912499,1865.355603961565,1.0,0.0,0,0,0.7598313249926458,0.9988900758213731,0.9988900758213731,0.04265507250646376,0.9988900758213731,0.9988900758213731,0.04265507250646376,"Avg cost = 3.0 + 0.015*70 = $4.05; min profitable price = $4.55 → $6.0 is valid. Realized sales fell to 71.4 in R18, and inventory is rising (7.4 units carried). Producing 70 avoids overstock while covering demand (166 observed) via market allocation — we don’t need to meet full demand, only profitably serve allocated share. Expected profit: revenue ~428.4 (71.4*6.0) − prod cost $315 − holding/obsolescence (~$0.8) ≈ $112.6 > prior $145.7 but with lower risk and better margin efficiency.","Reduced quantity from 80 to 70 to align with declining realized sales trend (82.7→80.3→71.4) and clear excess inventory; held price at 6.0 as market avg is 6.47 and our cost floor allows it, avoiding margin erosion from overproduction."
7,19,PremiumCloud,premium,forecast=158;price=7.00;quantity=50,158,160,166,191.4,-26.625652254853144,0.0,-4.509513113084269,6.466666666666666,160.0,26.61490292687337,0.7701427864379071,7.0,50,76.61490292687337,-3.6758286562745113,0.2652405343745329,42.438485499925264,0.0,34.176417426948106,0.0,0.0,0.0,0.0,0.0,42.438485499925264,0.0,27.341133941558486,6.835283485389621,297.06939849947685,195.0,2.187290715324679,1.3670566970779243,0.0,0.0,98.51505108707424,1756.4798194450277,1.0,0.0,0,0,0.7651070898284303,0.9993657576122132,0.9993657576122132,0.06233108647708151,0.9993657576122132,0.9993657576122132,0.06233108647708151,"Avg cost at quantity=52 is $3.40 + $0.010*52 = $3.92. Minimum profitable price = $3.92 + $0.50 = $4.42 — well below our $7.0 price, so margin is safe. Observed demand dropped sharply to 166 (from 195→168→166), but our realized sales remain ~46–52 units — indicating market demand *for our capacity* is stable near 51–52, not 166. That 166 is total market demand across all 3 suppliers; PremiumCloud’s share is consistently ~31% (52/166 ≈ 31.3%). So forecasting 162 (slightly below observed 166, adjusted for our persistent -4.0 forecast_bias) aligns with empirical fulfillment rate (~52/166 ≈ 31%). Quantity=52 matches recent realized sales (46.1→51.7→52.1), eliminates excess inventory (last round’s 26.6 inventory implies ~5.3 units leftover from 50-unit order), and avoids holding/obsolescence drag. Expected profit = (7.0 × 52) − [52 × (3.40 + 0.010×52)] − holding/obsolescence ≈ $364 − $203.84 − ~$2.2 ≈ $158 — up from $132.6 in round 18, with zero shortage risk and SLA intact.","Reduced quantity from 50 → 52 (to match realized demand ceiling and absorb minor forecast variance), kept price flat at $7.0 (no margin pressure, reputation rising), and lowered forecast from 184 → 162 to reflect latest demand drop and correct systematic over-forecasting bias. This tightens inventory alignment, cuts holding cost, and sustains premium positioning without risking SLA."
7,19,SpotBroker,spot,forecast=164;price=6.40;quantity=60,164,160,166,191.4,-26.625652254853144,0.0,-4.509513113084269,6.466666666666666,160.0,3.5092328193721656,0.7491190826282056,6.4,60,63.509232819372166,-3.4810571008461526,0.3222761048511145,51.56417677617832,0.0,11.945056043193844,0.0,0.0,0.0,0.0,0.0,51.56417677617832,0.0,9.317143713691198,2.627912329502646,330.01073136754127,244.8,1.1180572456429438,0.5781407124905821,0.0,0.0,83.51453340940773,1935.4339518003233,1.0,0.0,0,0,0.7493393119711542,0.9985068405248323,0.9985729546274797,0.0017441665664136964,0.9985068405248323,0.9985729546274797,0.0017441665664136964,Avg cost = 3.60 + 0.008*63 = $4.104; min profitable price = $4.604 → $6.4 is valid. Expected profit: revenue = 63*6.4 = $403.2; prod cost = 63*4.104 = $258.55; holding/obsolescence low (inventory <4); transfer cost minimized by matching realized demand (~62) closely. Prior under-allocation (rounds 16–17) caused costly transfers; 63 units balances coverage and cost. Profit expected ~$135–$140.,"Raised quantity from 60 to 63 to better match recent realized demand (~62), reducing transfer dependency; held price at $6.4 for reputation stability and proven profitability."
7,20,Hyperscaler,hyperscaler,forecast=149;price=6.00;quantity=60,149,160,161,192.0,-23.82402440518135,0.0,-7.68490589904277,6.466666666666666,160.0,8.556288950474013,0.7598313249926458,6.0,60,68.55628895047401,-3.2382024100088245,0.41215519304835807,65.9448308877373,0.0,2.611458062736716,0.0,0.0,0.0,0.0,0.0,65.9448308877373,0.0,1.958593547052537,0.652864515684179,395.6689853264238,234.0,0.19585935470525373,0.16321612892104476,0.0,0.0,161.3099098427975,2026.6655138043625,1.0,0.0,0,0,0.7573734937444844,0.9991675568660299,0.9991675568660299,0.03199130437984782,0.9991675568660299,0.9991675568660299,0.03199130437984782,"Avg cost at quantity=65 is $3.00 + $0.015*65 = $3.975. Minimum profitable price = $3.975 + $0.50 = $4.475 → $6.0 satisfies this with healthy margin. Observed demand has declined: 195→168→166→161 (3-round avg = 172.5, but trend is -2.5–3.0/round). Forecast bias is -6.0, so raw forecast would be ~167; applying bias yields 161 − 6 = 155 — aligns with structural decay and avoids overstock. Last round (R19): quantity=70, realized sales=65.997 → surplus of ~4 units. Holding inventory (8.56 units) confirms over-allocation. Reducing quantity to 65 ensures stock_coverage ≈ 65/65.997 ≈ 0.985 → slight buffer but no meaningful surplus. Expected profit = (6.0 × 65.997) − [65 × 3.975] − holding/obsolescence ≈ 395.98 − 258.375 − ~0.9 ≈ $136.7 — up from R19’s $91.25. This improves margin, cuts holding cost, and halts reputation erosion from inefficiency.","Reduced quantity from 70 to 65 to match observed demand decay and eliminate surplus; held price steady at $6.0 since elasticity remains muted and margin is healthy; lowered forecast from 163 to 155 to correct persistent over-forecasting bias, now tracking realized demand more closely."
7,20,PremiumCloud,premium,forecast=153;price=7.00;quantity=50,153,160,161,192.0,-23.82402440518135,0.0,-7.68490589904277,6.466666666666666,160.0,27.341133941558482,0.7651070898284303,7.0,50,77.34113394155848,-3.6818714922058833,0.264470807974596,42.315329275935355,0.0,35.02580466562313,0.0,0.0,0.0,0.0,0.0,42.315329275935355,0.0,28.020643732498502,7.005160933124626,296.20730493154747,195.0,2.24165149859988,1.4010321866249251,0.0,0.0,97.56462124632266,1854.0444406913505,1.0,0.0,0,0,0.7613303173713227,0.99952431820916,0.99952431820916,0.04674831485781113,0.99952431820916,0.99952431820916,0.04674831485781113,"Avg cost at quantity=50 is $3.40 + $0.010*50 = $3.90. Minimum profitable price = $3.90 + $0.50 = $4.40; $7.0 satisfies this with wide margin. Observed demand in last 3 rounds: [195, 168, 166], but realized sales were only ~42–46 units — indicating severe over-forecasting and market misalignment (forecast bias confirmed at -4.0). Actual observed demand this round is 161, but our capacity is constrained by SLA discipline and inventory risk: holding 27.3 units already, and past rounds show we consistently sell only ~42–46 units despite ordering 50–60. Selling 46 units at $7.0 yields revenue $322, production cost $195, holding/obsolescence ~$3.5 total → expected profit ~$123.5, consistent with Round 19’s $124.0 and above our legal floor. Increasing quantity risks excess inventory (we already hold 27.3), and raising price would violate premium stability without margin pressure. Staying at 50 units, $7.0, and lowering forecast from 158→157 (aligned with downward trend in recent forecasts: 192→184→158) reduces forecast error drag while preserving SLA, reputation, and profit.","Reduced forecast_demand from 158 to 157 to better track the downward drift in observed demand (195→168→166→161) and correct persistent over-forecasting. Kept price at $7.0 (no elasticity signal, reputation stable, margin healthy) and quantity at 50 (matches recent realized sales ceiling of ~46, avoids adding to existing 27.3 inventory, and prevents shortage given zero history and high stock_coverage >1.0). This continues disciplined de-risking initiated in Rounds 18–19."
7,20,SpotBroker,spot,forecast=149;price=6.40;quantity=60,149,160,161,192.0,-23.82402440518135,0.0,-7.68490589904277,6.466666666666666,160.0,9.317143713691195,0.7493393119711542,6.4,60,69.3171437136912,-3.4807928256346146,0.323373998977046,51.73983983632736,0.0,17.577303877363832,0.0,0.0,0.0,0.0,0.0,51.73983983632736,0.0,13.71029702434379,3.867006853020043,331.13497495249516,244.8,1.6452356429212547,0.8507415076644095,0.0,0.0,83.83899780190949,2019.2729496022328,1.0,0.0,0,0,0.7495044839783657,0.9988801303936242,0.9989297159706099,0.0013081249248102723,0.9988801303936242,0.9989297159706099,0.0013081249248102723,"Avg cost at qty=63 is $3.60 + $0.008*63 = $4.104. Minimum profitable price = $4.104 + $0.50 = $4.604 — well below $6.4, so price is safe. Expected revenue = 63 * $6.4 = $403.2. Production cost = 63 * $4.104 = $258.552. Holding/obsolescence/transfer costs are low if quantity aligns with realized demand (~52–62 recently), and 63 is just above recent realized sales (51.6 → 55.5 → 61.9), reducing transfer risk. Last round’s profit was $109.77 (down from $137.35), driven by falling realized sales and rising holding/obsolescence — signaling mild overstocking. Raising quantity from 60 to 63 targets better match to demand trend (61.9 → ?) without overcommitting; keeps inventory light and avoids costly transfers. Expected profit ≈ $403.2 − $258.55 − ~$1.5 holding/obsolescence ≈ $143.15 — highest viable near-term profit given reputation stability at $6.4 and legal max price cap.","Increased quantity from 60 to 63 to better track upward drift in realized demand (61.94 in R17 → 55.5 in R18 → 51.6 in R19 was noise; observed demand jumped to 161 this round, suggesting latent demand recovery). Kept price flat at $6.4 — reputation and profit history confirm it's optimal for fairness, SLA compliance, and spread capture. Reduced forecast from 164 (R19) to 155 to dampen over-optimism per prior review: observed demand history shows volatility but realized sales remain ~52–62, so forecasting 155 reflects observed market demand signal while avoiding the >2.3× inflation seen before."
7,21,Hyperscaler,hyperscaler,forecast=159;price=6.00;quantity=80,159,182,175,192.6,-9.998997592769934,0.0,-0.4725748318501015,6.3999999999999995,182.0,1.9585935470525442,0.7573734937444844,6.0,80,81.95859354705254,-3.241151807506618,0.39277225945248373,71.48455122035205,0.0,10.474042326700499,0.0,0.0,0.0,0.0,0.0,71.48455122035205,0.0,7.855531745025374,2.6185105816751246,428.9073073221123,336.0,0.7855531745025375,0.6546276454187812,0.0,0.0,91.46712650219095,2118.1326403065536,1.0,0.0,0,0,0.7555301203083633,0.9993756676495225,0.9993756676495225,0.023993478284885864,0.9993756676495225,0.9993756676495225,0.023993478284885864,"Avg cost at quantity=66 is $3.00 + $0.015*66 = $3.99. Minimum profitable price = $3.99 + $0.50 = $4.49. $6.00 satisfies this with $2.01 gross margin/unit. Realized sales averaged ~65.95 over last 3 rounds while quantity was reduced from 80→70→60 — yet sales held steady, indicating latent demand and strong inelasticity. At quantity=66, we cover realized demand with minimal surplus (stock_coverage ≈ 1.0), avoiding holding/obsolescence costs while capturing full revenue from ~65.95 units. Expected profit = 65.95 * ($6.00 − $3.99) − holding/obsolescence ≈ $132.20 − $0.20 ≈ $132.00 — up from $110.92 in round 20. Raising price would risk reputation and demand elasticity without evidence of upside; cutting quantity further sacrifices revenue with no cost benefit. Holding price stable preserves delivery_rep and pricing_fairness_rep, while modest quantity lift (60→66) tests latent demand safely.","Increased quantity from 60 to 66 to align with persistent realized sales (~65.95) and reduce systemic under-forecasting bias. Held price at $6.0 — consistent with momentum_chaser forecaster and growth_tolerant risk gate, and avoids destabilizing revenue or triggering fairness concerns. This adjusts for the cumulative forecast_bias error (~−83 in round 20) by modestly lifting forecast from 149→167, incorporating recent observed demand (175) and smoothing momentum."
7,21,PremiumCloud,premium,forecast=163;price=7.00;quantity=40,163,182,175,192.6,-9.998997592769934,0.0,-0.4725748318501015,6.3999999999999995,182.0,28.0206437324985,0.7613303173713227,7.0,40,68.0206437324985,-3.6864036191544125,0.251634626300692,45.79750198672594,0.0,22.22314174577256,0.0,1.0076497685782329,0.0,7.406225799050012,1.0,45.79750198672594,0.0,16.972393581755462,4.2430983954388655,320.5825139070816,152.0,1.357791486540437,0.8486196790877731,0.0,0.0,173.78232854050339,2027.8267692318539,1.0,0.04534236338432729,0,0,0.7613316357400125,0.99964323865687,0.99964323865687,0.04639682698944017,0.99964323865687,0.99964323865687,0.04639682698944017,"Avg cost at quantity=43 is $3.40 + $0.010*43 = $3.83. Minimum profitable price = $3.83 + $0.50 = $4.33; $7.0 satisfies this with wide margin. Observed demand was 175, but recent realized sales averaged ~42.3 units despite 50-unit supply — indicating persistent over-allocation and ~7-unit surplus per round (28+ inventory confirms accumulation). Reducing quantity to 43 aligns with realized demand trend (~42.3 → 42.3–43.0), cuts holding/obsolescence costs, and avoids further inventory drag. Expected profit = 43 units sold × ($7.0 − $3.83) − holding/obsolescence ≈ $136.11 − ~$2.30 ≈ $133.8 — up sharply from last round’s $97.6. Price held steady: no shortage, no elasticity signal, and reputation erosion is forecast- not price-driven.","Reduced quantity from 50 to 43 to match realized demand (~42.3 units) and halt inventory accumulation; kept price at $7.0 — consistent with premium positioning, SLA stability, and absence of demand elasticity pressure. This directly addresses the root cause of profit decline: overproduction, not pricing."
7,21,SpotBroker,spot,forecast=140;price=6.20;quantity=50,140,182,175,192.6,-9.998997592769934,0.0,-0.4725748318501015,6.3999999999999995,182.0,13.710297024343788,0.7495044839783657,6.2,50,63.71029702434379,-3.340594619225961,0.3555931142468243,64.71794679292202,1.0076497685782329,0.0,1.0076497685782329,0.0,7.406225799050012,0.0,0.0,64.71794679292202,0.0,0.0,0.0,401.25127011611653,200.0,0.0,0.0,0.0,0.006000000000000005,193.83904431706654,2213.1119939192995,1.0,0.0,0,0,0.7496283629837743,0.9991600977952182,0.9991972869779574,0.0009810936936077042,0.9991600977952182,0.9991972869779574,0.0009810936936077042,"Avg cost at qty=52 is $3.60 + $0.008*52 = $4.016. Minimum profitable price = $4.016 + $0.50 = $4.516 → $6.2 satisfies this with healthy margin. Last round: qty=60, realized sales=51.7 → surplus of ~8.3 units, driving up holding/obsolescence costs (now $1.65 + $0.85 = $2.50). Reducing quantity to 52 aligns tightly with recent realized demand (~51.5–51.7), minimizing inventory drag. Price lowered from 6.4 to 6.2 (within legal range, and after applying -0.20 price_bias, base price is 6.4 → system applies bias → final = 6.2) to gently stimulate demand without dumping — pricing_fairness_rep remains high (0.999), so small cut won’t harm fairness perception. Expected revenue = 52 * 6.2 = $322.4; prod cost = 52 * 4.016 = $208.83; gross profit = $113.57; subtract modest holding/obsolescence (~$1.20 total, down from $2.50) → expected profit ≈ $112.4, up sharply from last round’s $83.5. This is the highest-expected-profit point balancing coverage, margin, and inventory lightness.",Reduced quantity from 60 to 52 to match realized demand (~51.7) and cut holding/obsolescence costs; lowered price from 6.4 to 6.2 to improve demand capture while preserving margin and fairness reputation — both changes directly address the observed over-forecasting and inventory drag in rounds 18–20.
7,22,Hyperscaler,hyperscaler,forecast=159;price=6.00;quantity=80,159,198,205,193.2,4.263033394959299,0.0,0.12666183030918857,6.3999999999999995,194.82792532678084,7.855531745025374,0.7555301203083633,6.0,80,87.85553174502537,-3.2433638556299633,0.39222389737478747,77.66033168020792,0.0,10.195200064817456,0.0,10.195200064817456,0.0,64.22976040834997,1.0,77.66033168020792,0.0,0.0,0.0,465.9619900812475,336.0,0.0,0.0,0.0,0.0,194.19175048959744,2312.324390796151,1.0,1.0,0,0,0.8166475902312725,0.9995317507371418,0.9995317507371418,0.2679951087136644,0.9995317507371418,0.9995317507371418,0.2679951087136644,"Avg cost = $3.00 + $0.015*85 = $4.275; min profitable price = $4.775 → $6.0 is valid. Realized sales averaged ~69.5 last 3 rounds, but observed demand surged to 205 — suggests latent demand and under-forecasting bias. Quantity increased from 80 to 85 to safely capture upside without overstock (own inventory is low: 7.86). Expected profit ≈ 85 units * ($6.0 − $4.275) − holding/obsolescence ≈ $146.5, up from $161.3 (but with higher coverage vs shortage risk). [Profit safety: cut quantity from 90 to 80 to avoid loss]","Increased quantity from 80 to 85 to test demand resilience amid observed demand spike (205), while holding price steady to preserve reputation and avoid margin erosion; adjusts for cumulative forecast_bias under-prediction."
7,22,PremiumCloud,premium,forecast=163;price=7.00;quantity=40,163,198,205,193.2,4.263033394959299,0.0,0.12666183030918857,6.3999999999999995,194.82792532678084,16.972393581755462,0.7613316357400125,7.0,40,56.97239358175546,-3.6864020371119848,0.2518401754817105,49.86435474537868,0.0,7.108038836376785,0.0,7.108038836376785,0.0,52.24408544736937,1.0,49.86435474537868,0.0,0.0,0.0,349.0504832176507,152.0,0.0,0.0,0.0,0.0,249.29456866502005,2277.121337896874,1.0,1.0,0,0,0.8209987268050094,0.9997324289926525,0.9997324289926525,0.2847976202420801,0.9997324289926525,0.9997324289926525,0.2847976202420801,"Avg cost at qty=43 is $3.40 + $0.010*43 = $3.83. Minimum profitable price = $3.83 + $0.50 = $4.33; $7.0 satisfies this with wide margin. Observed demand (205) is an outlier — recent history: [166,161,175], avg=167.3; forecast_bias=-6.0 applied to fallback forecast 170 → 164, but observed 205 suggests upward shift — we adjust forecast upward conservatively to 169 (within smoothing tolerance). Last round: qty=40 → realized sales=45.8 → stock coverage=0.87 → slight shortage risk; but we had zero shortage reported — likely due to transfer revenue offsetting. However, holding cost and obsolescence are creeping up per unit when overproducing. At qty=43: expected sales ~45.8 (consistent with last round’s realized), so surplus ≈ -2.8 → no shortage, minimal holding. Expected profit = (7.0 × 45.8) − [(3.40 + 0.010×43) × 43] − holding/obsolescence ≈ 320.6 − 164.7 − ~1.4 ≈ $154.5 — up sharply from $97.6 (round 21). Reducing quantity from 40→43 balances coverage and cost discipline without risking SLA.","Increased quantity from 40 to 43 to restore stock coverage above 1.0 (from 0.87 to ~1.07), eliminating latent shortage risk exposed by last round’s transfer revenue dependency. Held price steady at $7.0 — no elasticity signal (no shortage at $7.0, market avg is $6.45), and reputation erosion is forecast-driven, not price-driven. Forecast raised from 163→169 to better track recent demand uptick (175→205), counteracting forecast_bias drift."
7,22,SpotBroker,spot,forecast=120;price=6.20;quantity=50,120,198,205,193.2,4.263033394959299,0.0,0.12666183030918857,6.3999999999999995,194.82792532678084,0.0,0.7496283629837743,6.2,50,50.0,-3.340445964419471,0.355935927143502,70.47531357441339,20.47531357441339,0.0,17.30323890119424,0.0,116.47384585571935,0.0,0.0,67.30323890119425,3.172074673219143,0.0,0.0,417.28008118740433,200.0,0.0,0.0,4.123697075184886,0.0,96.68253825650012,2309.7945321757998,0.9549902723047863,0.0,0,0,0.7452202994683094,0.9881176414226103,0.999397965233468,0.0007358202702057782,0.9881176414226103,0.999397965233468,0.0007358202702057782,"Avg cost = 3.60 + 0.008*50 = $4.00; min profitable price = $4.50. At $6.2, markup is sufficient. Last round: sold 64.7/50 → over-allocated (stock coverage 0.77), but no shortage; profit $83.84. Observed demand spiked to 205, but market avg price is $6.45 and our legal max is $6.4 — can’t chase premium. Holding/obsolescence was zero last round at qty=50, so maintain quantity. Forecast bias -10 applied → 140 → 130 to correct systemic over-forecasting. Expected profit: 50 units * ($6.2 − $4.00 − $0.50) = $85.00, robust.","Reduced forecast from 140 to 130 to correct persistent over-forecasting; held price at $6.2 (below market avg but above floor and profitable) and quantity at 50 (no leftover inventory last round, no shortage, and zero holding cost)."
7,23,Hyperscaler,hyperscaler,forecast=190;price=6.00;quantity=90,190,188,186,193.8,8.356574591144623,0.0,-14.043548949332708,6.3999999999999995,188.0,0.0,0.8166475902312725,6.0,90,90.0,-3.170022891722472,0.40325425230707046,75.81179943372925,0.0,14.188200566270751,0.0,13.595403579434105,0.0,85.65104255043487,1.0,75.81179943372925,0.0,0.44459774012748454,0.14819924670916151,454.8707966023755,391.5,0.044459774012748456,0.03704981167729038,0.0,0.0,148.9403295671203,2461.2647203632714,1.0,0.9582190155779241,0,0,0.8598743811470746,0.9996488130528564,0.9996488130528564,0.4405510854297293,0.9996488130528564,0.9996488130528564,0.4405510854297293,"Avg cost at quantity=90 is $3.00 + $0.015*90 = $4.35. Minimum profitable price = $4.35 + $0.50 = $4.85. $6.00 satisfies that with $1.65 gross margin/unit. Expected realized sales ≈77.7 (trend: 65.9 → 71.5 → 77.7), well below quantity=90, so no shortage risk. Holding/obsolescence costs remain low (as in round 22, they were $0.0 when quantity matched demand tightly). Profit estimate: revenue = 77.7 * $6.0 = $466.2; production cost = 90 * $4.35 = $391.5; holding/obsolescence ~$0.5 (conservative); net profit ≈ $74.2 — lower than round 22’s $91.5 but justified by strategic uplift: we’re testing latent demand (realized sales rose +6.2 units last round despite flat quantity), and 90 units still leaves buffer under legal max (120) while avoiding overstock. Reputation dimensions are stable: delivery_rep near-perfect (0.9995), pricing_fairness high, cooperation low but unchanged — no need to sacrifice profit for cooperation unless shortage emerges. This balances scale continuity, margin protection, and demand discovery. [Profit safety: cut quantity from 100 to 90 to avoid loss]","Increased quantity from 80 to 90 to test latent demand resilience, as realized sales grew +6.2 units last round with no shortage and no inventory carryover. Held price at $6.0 — consistent with stability recommendation and avoids triggering repricing cascades or fairness penalties. Forecast raised to 198 to align with observed demand surge (186 actual, up from 175 and 161), correcting prior systemic under-forecasting (cumulative bias was -80+)."
7,23,PremiumCloud,premium,forecast=181;price=7.00;quantity=50,181,188,186,193.8,8.356574591144623,0.0,-14.043548949332708,6.3999999999999995,188.0,0.0,0.8209987268050094,7.0,50,50.0,-3.614801527833988,0.25847232439806733,48.59279698683666,0.0,1.4072030131633397,0.0,0.0,0.0,0.0,0.0,48.59279698683666,0.0,1.1257624105306718,0.28144060263266796,340.1495789078566,195.0,0.09006099284245375,0.05628812052653359,0.0,0.0,145.0032297944876,2422.124567691362,1.0,0.0,0,0,0.803249045103757,0.9997993217444894,0.9997993217444894,0.21359821518156008,0.9997993217444894,0.9997993217444894,0.21359821518156008,"Avg cost = 3.40 + 0.010*50 = $3.90; min profitable price = $4.40 (legal floor) + $0.50 risk buffer = $4.90 — $7.0 satisfies all constraints. Expected sales ~49.9 (trend up), so 50 units avoids shortage and holding cost creep. Profit ≈ 49.9*7.0 − (3.90*50) − small holding/obsolescence ≈ $174, consistent with round 22's $173.8. Maintaining $7.0 preserves SLA reputation and avoids demand elasticity risk.","Increased forecast from 163 to 187 to correct prior under-forecasting bias (-6.0 applied post-hoc); held price at $7.0 (stable, no elasticity signal) and raised quantity from 40 to 50 to match improving realized demand (42.3 → 49.9) and prevent future under-allocation."
7,23,SpotBroker,spot,forecast=166;price=6.20;quantity=50,166,188,186,193.8,8.356574591144623,0.0,-14.043548949332708,6.3999999999999995,188.0,0.0,0.7452202994683094,6.2,50,50.0,-3.3457356406380288,0.33827342329486226,63.595403579434105,13.595403579434105,0.0,13.595403579434105,0.0,85.65104255043487,0.0,0.0,63.595403579434105,0.0,0.0,0.0,394.29150219249146,200.0,0.0,0.0,0.0,0.0,108.64045964205661,2418.4349918178564,1.0,0.0,0,0,0.746415224601232,0.9910882310669578,0.999548473925101,0.0005518652026543337,0.9910882310669578,0.999548473925101,0.0005518652026543337,"Avg cost at qty=50 is $3.60 + $0.008*50 = $4.00. Minimum profitable price = $4.00 + $0.50 = $4.50 — well below $6.3, so pricing is safe. Observed demand spiked to 186 (up from 205→175→161), but recent realized sales averaged ~64.5 units (rounds 21–22), and inventory was zero last round — no holding/obsolescence drag. Raising quantity beyond 50 risks overstock: rounds 20–21 showed surplus when quantity=60/50 vs realized ~51–67, but round 22 had *no shortage* despite allocated demand=70.5 and quantity=50 — meaning SLA penalty came from allocation mismatch, not physical shortage. So we hold quantity at 50 (light inventory discipline) and lower price slightly from 6.2→6.3 (net +0.1 before bias; system applies -0.20 → final price ~6.1) to stimulate more reliable take-up without eroding margin. Expected profit: 64.5 realized sales × ($6.3 − $4.00) − $0 holding/obsolescence ≈ $148. Expected unit profit ~$2.30 — up from $2.88 in round 22 but with far lower SLA risk (no over-allocation). This balances volatility hunting (price sensitivity) and inventory lightness.",Reduced forecast from 202 (fallback) to 176 to reflect observed demand trend (161→175→205→186) minus systemic over-forecast bias (~−10 per evolution params); held quantity flat at 50 (vs fallback 80) to avoid overstock and preserve agility; raised price from 6.2 to 6.3 to improve margin cushion while staying competitive — this counters the -0.20 price bias and maintains profitability as holding costs rise with scale.
7,24,Hyperscaler,hyperscaler,forecast=180;price=6.00;quantity=80,180,187,183,194.4,-0.362674967862854,0.0,-7.062571207579505,6.333333333333333,187.0,0.44459774012747744,0.8598743811470746,6.0,80,80.44459774012748,-3.1181507426235098,0.3978997227539538,74.40724815498936,0.0,6.0373495851381165,0.0,1.46698943447997,0.0,9.242033437223812,1.0,74.40724815498936,0.0,3.42777011299361,1.1425900376645366,446.44348892993617,336.0,0.342777011299361,0.28564750941613415,0.0,0.0,119.05709784644449,2580.3218182097157,1.0,0.24298567008463362,0,0,0.8475923902405955,0.9997366097896423,0.9997366097896423,0.3911597315934554,0.9997366097896423,0.9997366097896423,0.3911597315934554,"Avg cost = $3.00 + $0.015*80 = $4.20; min profitable price = $4.70 → $6.0 satisfies. Expected sales ~75.8 (recent avg), so 80 units avoids overstock (R23 had 14.2 unsold → obsolescence/holding costs). Profit = 75.8*$6.0 − (80*$4.20) − small holding ≈ $194, aligned with R23’s strong result. Maintaining $6.0 preserves pricing_fairness_rep and avoids margin erosion.",Reduced quantity from 90 to 80 to eliminate overstock risk after R23’s inventory buildup and soft realized demand; held price at $6.0 for continuity and reputation stability.
7,24,PremiumCloud,premium,forecast=163;price=7.00;quantity=50,163,187,183,194.4,-0.362674967862854,0.0,-7.062571207579505,6.333333333333333,187.0,1.125762410530669,0.803249045103757,7.0,50,51.12576241053067,-3.6361011458754913,0.2370449101311154,44.32739819451858,0.0,6.798364216012089,0.0,6.798364216012089,0.0,49.967976987688864,1.0,44.32739819451858,0.0,0.0,0.0,310.29178736163004,195.0,0.0,0.0,0.0,0.0,165.2597643493189,2587.384332040681,1.0,1.0,0,0,0.8524367838278178,0.9998494913083671,0.9998494913083671,0.41019866138617006,0.9998494913083671,0.9998494913083671,0.41019866138617006,"Avg cost at qty=49 is $3.40 + $0.010*49 = $3.89. Minimum profitable price = $3.89 + $0.50 = $4.39 → $7.0 satisfies this with wide margin. Observed demand history (175,205,186) averages 188.7, but realized sales over last 3 rounds were 45.8, 49.9, 48.6 — consistently ~48–49 units sold. Forecast bias is -9.0, so raw forecast = 172 + 9 = 181 → aligns with prior over-forecasting pattern; we deliberately reduce base forecast to 172 (vs prior 181) to correct systemic overestimation. Quantity reduced from 50 to 49 to eliminate holding/obsolescence costs seen in R23 (0.09 + 0.06 = $0.15 waste). Expected profit: revenue = 48.6 * 7.0 ≈ $340.2, production cost = 49 * 3.89 = $190.61, net ≈ $149.6 — conservative but safe, avoids inventory drag while preserving SLA (stock coverage = 49 / 48.6 ≈ 1.01). Price held at $7.0: reputation dimensions stable, pricing_fairness_rep high, no competitive pressure (market avg = $6.43), and profit per unit remains strong ($7.0 − $3.89 = $3.11 gross margin before holding/SLA buffers).","Reduced quantity from 50 to 49 to eliminate marginal holding/obsolescence costs observed in R23; lowered forecast from 181 to 172 to aggressively correct chronic over-forecasting bias (realized demand ~48–49 vs forecast >160); kept price flat at 7.0 — consistent with premium positioning, strong reputation, and absence of price sensitivity signals."
7,24,SpotBroker,spot,forecast=183;price=6.00;quantity=60,183,187,183,194.4,-0.362674967862854,0.0,-7.062571207579505,6.333333333333333,187.0,0.0,0.746415224601232,6.0,60,60.0,-3.204301730478521,0.3650553671149308,68.26535365049206,8.26535365049206,0.0,8.26535365049206,0.0,59.210010424912674,0.0,0.0,68.26535365049206,0.0,0.0,0.0,409.5921219029524,244.8,0.0,0.0,0.0,0.006000000000000005,105.57611147803968,2524.011103295896,1.0,0.0,0,0,0.747311418450924,0.9933161733002183,0.9996613554438258,0.0004138989019907502,0.9933161733002183,0.9996613554438258,0.0004138989019907502,"Avg cost = 3.60 + 0.008*74 = $4.192; min profitable price = $4.192 + $0.50 = $4.692 → $6.4 is well above floor. Expected sales ≈ min(74, 183) = 74 (no shortage expected). Revenue = 74*6.4 = $473.6; prod cost = 74*4.192 = $310.21; profit ≈ $163.39. Higher quantity vs prior 50 addresses chronic shortage; price raised to max legal $6.4 to maximize margin amid high observed demand (183) and market avg $6.43.",Raised quantity from 50 to 74 to match forecast bias-corrected demand (195 −12 = 183) and prevent shortage; price increased to legal max $6.4 to boost margin after three rounds of flat $6.2 pricing eroded unit profit.
7,25,Hyperscaler,hyperscaler,forecast=174;price=6.00;quantity=80,174,181,181,195.0,-14.605762958259444,0.0,0.30357303498400157,6.333333333333333,181.0,3.4277701129936133,0.8475923902405955,6.0,80,83.42777011299361,-3.1328891317112846,0.38858717086778727,70.3342779270695,0.0,13.09349218592412,0.0,5.55713869212633,0.0,35.00997376039588,1.0,70.3342779270695,0.0,5.652265120348343,1.8840883734494476,422.005667562417,336.0,0.5652265120348343,0.4710220933623619,0.0,0.0,119.97939271741568,2700.3012109271313,1.0,0.4244199036602636,0,0,0.8497205366592132,0.9998024573422317,0.9998024573422317,0.39947477461015746,0.9998024573422317,0.9998024573422317,0.39947477461015746,"Avg cost = $3.00 + $0.015*75 = $4.125; min profitable price = $4.625 → $6.0 satisfies. Expected sales ~74.4 (R24), so 75 avoids overstock (R23–24 showed holding/obsolescence at 80+). Profit = 74.4*$6.0 − (75*$4.125) − small holding ≈ $152, up from R24’s $148.9 and avoids inventory decay.","Reduced quantity from 80 to 75 to eliminate holding/obsolescence costs observed in R23–24; held price at $6.0 for stability and reputation — demand signal remains strong (observed 181), but realized sales plateau near 74–76, confirming saturation at current fulfillment capacity."
7,25,PremiumCloud,premium,forecast=163;price=7.00;quantity=50,163,181,181,195.0,-14.605762958259444,0.0,0.30357303498400157,6.333333333333333,181.0,0.0,0.8524367838278178,7.0,50,50.0,-3.577075859406618,0.24921869271162528,45.10858338080418,0.0,4.891416619195823,0.0,0.0,0.0,0.0,0.0,45.10858338080418,0.0,3.9131332953566584,0.9782833238391646,315.7600836656292,195.0,0.3130506636285327,0.19565666476783294,0.0,0.0,120.25137633723286,2707.635708377914,1.0,0.0,0,0,0.8268275878708634,0.9998871184812753,0.9998871184812753,0.30764899603962753,0.9998871184812753,0.9998871184812753,0.30764899603962753,"Avg cost = 3.40 + 0.010*49 = $3.89; min profitable price = $3.89 + $0.50 = $4.39 → $7.0 is valid. Expected sales ~44–49 (last 3 rounds: 49.9, 48.6, 44.3). Quantity 49 avoids overproduction (R23 had obsolescence), matches recent realized demand, and keeps SLA intact. Profit ≈ 49*(7.0 − 3.89) − holding ≈ $152, strong and safe.","Reduced quantity from 50 to 49 to eliminate holding/obsolescence risk while maintaining full coverage; kept price at 7.0 (stable, profitable, reputation-safe); forecast cut from 181 to 172 to reduce over-forecasting bias per prior review."
7,25,SpotBroker,spot,forecast=181;price=6.00;quantity=60,181,181,181,195.0,-14.605762958259444,0.0,0.30357303498400157,6.333333333333333,181.0,0.0,0.747311418450924,6.0,60,60.0,-3.2032262978588903,0.36219413642058745,65.55713869212633,5.55713869212633,0.0,5.55713869212633,0.0,35.00997376039588,0.0,0.0,65.55713869212633,0.0,0.0,0.0,393.342832152758,244.8,0.0,0.0,0.0,0.0,113.53285839236207,2637.543961688258,1.0,0.0,0,0,0.747983563838193,0.9949871299751637,0.9997460165828693,0.0003104241764930627,0.9949871299751637,0.9997460165828693,0.0003104241764930627,"Avg cost = 3.60 + 0.008*74 = $4.192; min profitable price = $4.692. $6.4 ≥ that, and matches market avg, avoids dumping. Expected sales ≈ min(74, 181) = 74 → revenue = $473.6, prod cost = 74*4.192 = $310.21, profit ≈ $163.39. Higher than R24’s $108.64. Quantity up from 60 to improve fulfillment vs rising demand (181 observed); price at legal max to maximize margin without harming fairness rep.","Raised quantity from 60 to 74 to better match forecast (193) and recent demand (181), and set price to $6.4 (market max) to boost margin after 3 rounds of declining profit — aligns with profit-first mandate and corrects prior under-allocation."
7,26,Hyperscaler,hyperscaler,forecast=162;price=6.00;quantity=70,162,163,167,195.6,-22.67081995336121,0.0,-10.115988734335588,6.333333333333333,163.0,5.652265120348346,0.8497205366592132,6.0,70,75.65226512034835,-3.1303353560089437,0.39203351300225325,63.90146261936728,0.0,11.750802500981067,0.0,0.0,0.0,0.0,0.0,63.90146261936728,0.0,8.8131018757358,2.9377006252452667,383.40877571620365,283.5,0.88131018757358,0.7344251563113167,0.0,0.0,98.29304037231876,2798.59425129945,1.0,0.0,0,0,0.8247904024944099,0.9998518430066738,0.9998518430066738,0.2996060809576181,0.9998518430066738,0.9998518430066738,0.2996060809576181,"Avg cost = $3.00 + $0.015*70 = $4.05; min profitable price = $4.55 → $6.0 satisfies. Expected sales ~70 (recent realized: 75.8→74.4→70.3, trending down); holding obsolescence costs rose 3x over R23–R25 despite no shortage — cut quantity to reduce inventory drag. Profit at q=70: revenue $420 − prod cost $315 − holding/obsolescence (~$0.3) ≈ $104.7 > R25's $119 but with lower risk and rising unit margin. Forecast bias -6.0 applied to observed 167 → 161, but we use 168 to align with smoothed demand signal and avoid under-provisioning.",Reduced quantity from 80 to 70 to halt inventory accumulation and curb rising holding/obsolescence costs; held price at $6.0 for discipline — matches market avg and avoids undercutting while maintaining reputation.
7,26,PremiumCloud,premium,forecast=163;price=7.00;quantity=50,163,163,167,195.6,-22.67081995336121,0.0,-10.115988734335588,6.333333333333333,163.0,3.9131332953566584,0.8268275878708634,7.0,50,53.91313329535666,-3.6078068945549635,0.24319796682022676,39.641268591696964,0.0,14.271864703659695,0.0,0.0,0.0,0.0,0.0,39.641268591696964,0.0,11.417491762927757,2.854372940731939,277.4888801418787,195.0,0.9133993410342205,0.5708745881463878,0.0,0.0,81.00460621269812,2788.640314590612,1.0,0.0,0,0,0.8076206909031475,0.9999153388609565,0.9999153388609565,0.23073674702972063,0.9999153388609565,0.9999153388609565,0.23073674702972063,"Avg cost at quantity=49 is $3.40 + $0.010*49 = $3.89. Minimum profitable price = $3.89 + $0.50 = $4.39 → $7.0 satisfies floor with wide margin. Last 3 rounds realized sales: 48.59, 44.33, 45.11 → avg = ~46.0. Holding 49 units avoids shortage (no SLA risk), minimizes holding/obsolescence vs prior 50-unit runs (R23–R25 incurred $0.09–$0.51 in waste), and aligns with recent demand signal. Expected profit = (7.0 − 3.89) × 46.0 − small holding cost ≈ $142.7, up from R25’s $165.26 but *more sustainable*: R25 had $0.51 in waste; this plan targets tighter coverage (49/46 ≈ 1.06 stock_coverage) and eliminates obsolescence risk. Forecast reduced from 181→172 to correct over-forecast bias (observed market demand is ~167, not 181); 172 remains conservative but better anchored to signal (avg observed demand last 3 rounds = 179 → smoothed down per signal_smoother). Reputation dimensions are strong (delivery=0.9999, pricing_fairness=0.9999), so no need to cut price or inflate quantity.","Reduced quantity from 50 to 49 to eliminate marginal holding/obsolescence costs seen in R23–R25 while preserving perfect delivery record and SLA. Slightly lowered forecast from 181 to 172 to better track observed demand (167) and reduce over-forecast bias. Kept price flat at 7.0 — it remains optimal: covers all costs, sustains premium positioning, and avoids fairness reputation risk. No transfer activity planned yet; will reassess if inter-facility margin reappears."
7,26,SpotBroker,spot,forecast=167;price=6.00;quantity=60,167,163,167,195.6,-22.67081995336121,0.0,-10.115988734335588,6.333333333333333,163.0,0.0,0.747983563838193,6.0,60,60.0,-3.2024197233941676,0.36476852017752,59.45726878893576,0.0,0.5427312110642433,0.0,0.0,0.0,0.0,0.0,59.45726878893576,0.0,0.42333034463010977,0.11940086643413352,356.74361273361455,244.8,0.05079964135561317,0.026268190615509373,0.0,0.0,111.86654490164342,2749.4105065899016,1.0,0.0,0,0,0.7484876728786448,0.9962403474813728,0.999809512437152,0.00023281813236979701,0.9962403474813728,0.999809512437152,0.00023281813236979701,"Avg cost = 3.60 + 0.008*70 = $4.16; min profitable price = $4.66. $6.3 > that, so safe. Expected profit = 70*(6.3 − 4.16) − transfer costs ≈ $149.8 (vs prior $105–108). Quantity up from 60 to cover rising forecast (167 observed, 179 forecasted) and reduce shortage risk. Price raised slightly from $6.0 to improve margin without exceeding market avg ($6.37) or legal cap ($6.4).",Raised quantity from 60 to 70 to better match demand surge and reduce SLA risk; lifted price from $6.0 to $6.3 to boost margin amid higher volatility and prior underperformance.
7,27,Hyperscaler,hyperscaler,forecast=142;price=6.00;quantity=60,142,179,184,196.2,-17.297484983571344,0.0,0.13315489829599247,6.266666666666667,175.22068319791586,8.813101875735796,0.8247904024944099,6.0,60,68.8131018757358,-3.1602515170067074,0.3665595523415468,65.61415986913688,0.0,3.1989420065989123,0.0,3.1989420065989123,0.0,20.15333464157315,1.0,65.61415986913688,0.0,0.0,0.0,393.68495921482133,234.0,0.0,0.0,0.0,0.0,179.8382938563945,2978.4325451558448,1.0,1.0,0,0,0.8685928018708075,0.9998888822550054,0.9998888822550054,0.47470456071821354,0.9998888822550054,0.9998888822550054,0.47470456071821354,"Avg cost = $3.00 + $0.015*65 = $3.975; min profitable price = $4.475 → $6.2 satisfies floor + $0.50 risk buffer. Expected profit = 65*($6.2 − $3.975) − holding/obsolescence ≈ $144. Observed demand surged to 184 but inventory is low (8.8), so we avoid overproduction: forecast bias −10.0 applied to prior 162 → 152; quantity reduced from 70→65 to align with falling realized sales trend (74.4→70.3→63.9) and curb rising per-unit holding costs. Price raised slightly (6.0→6.2) using 0.60 bias to capture margin upside — demand remains inelastic (no shortage even at Q=65 vs forecast 152).","Reduced quantity from 70 to 65 to better match demand contraction trend and lower holding/obsolescence drag; raised price from 6.0 to 6.2 to improve margin, leveraging pricing power confirmed by persistent no-shortage performance."
7,27,PremiumCloud,premium,forecast=143;price=7.00;quantity=50,143,179,184,196.2,-17.297484983571344,0.0,0.13315489829599247,6.266666666666667,175.22068319791586,11.417491762927753,0.8076206909031475,7.0,50,61.41749176292775,-3.6308551709162225,0.22896229596396628,40.98425097754996,0.0,20.43324078537779,0.0,15.0,0.0,110.25000000000001,1.0,40.98425097754996,0.0,4.346592628302233,1.0866481570755582,286.88975684284975,195.0,0.34772741026417864,0.21732963141511163,0.0,0.0,201.57469980117045,2990.2150143917825,1.0,0.7340979415626587,0,0,0.8390966395250269,0.9999365041457173,0.9999365041457173,0.35657704566295517,0.9999365041457173,0.9999365041457173,0.35657704566295517,"Avg cost at quantity=48: $3.40 + $0.010*48 = $3.88. Minimum allowed price = $3.88 + $0.50 = $4.38 → $7.0 is well above floor and maintains premium positioning. Expected realized sales trend: last 3 rounds = [44.3, 45.1, 39.6], avg = 43.0, down ~2.3/round. Forecast bias = -10.0 → raw forecast = 163 → adjusted = 153 (aligns with observed demand drop and avoids over-forecasting). Quantity reduced from 50 to 48 to match falling demand and cut holding/obsolescence costs: holding cost was +0.91 and obsolescence +0.57 in R26; reducing inventory exposure lowers these. Expected revenue = 43.0 * $7.0 = $301.0; prod cost = 48 * $3.88 = $186.24; gross margin = $114.76. Subtract modest holding (~$0.75) and obsolescence (~$0.45) → expected profit ≈ $113.5, up from R26’s $120.25 (but with lower risk and rising unit economics). This avoids surplus accumulation while preserving SLA (stock coverage = 48/43 ≈ 1.12 > 1.0), reputation, and pricing fairness.","Reduced quantity from 50 to 48 to align with downward trend in realized sales (39.6 in R26) and curb rising holding/obsolescence costs; adjusted forecast from 163 to 153 using forecast_bias=-10.0 to correct persistent over-forecasting; held price at $7.0 — it remains profitable, reputation-stable, and above all floors, and changing it would introduce unnecessary volatility without demand elasticity signal."
7,27,SpotBroker,spot,forecast=167;price=5.80;quantity=50,167,179,184,196.2,-17.297484983571344,0.0,0.13315489829599247,6.266666666666667,175.22068319791586,0.4233303446301093,0.7484876728786448,5.8,50,50.42333034463011,-3.0618147925456256,0.404478151694487,72.40158915331317,21.97825880868306,0.0,18.198942006598912,0.0,130.40333464157317,0.0,0.0,68.62227235122901,3.7793168020841534,0.0,0.0,398.0091796371283,200.0,0.0,0.0,4.9131118427094,0.006000000000000005,62.68673315284572,2812.097239742747,0.9478006374406879,0.0,0,0,0.7436458184030523,0.9841304199712015,0.9998571343278639,0.00017461359927734775,0.9841304199712015,0.9998571343278639,0.00017461359927734775,"Avg cost = 3.60 + 0.008*50 = $4.00; min profitable price = $4.50 → $6.20 is safe. Lower quantity (50 vs 60) cuts holding/obsolescence risk and aligns with falling realized sales (59.5→?); price up 0.2 boosts margin. Expected profit: ~50*6.2 − (3.60+0.008*50)*50 − costs ≈ $160, up from $113.5 in R26.",Reduced quantity from 60 to 50 to match demand decline and avoid overstock; raised price from 6.0 to 6.2 to improve unit margin — both address R26’s emerging holding/obsolescence costs and revenue erosion.
7,28,Hyperscaler,hyperscaler,forecast=118;price=6.00;quantity=60,118,206,208,196.8,-1.1859921415770212,0.0,10.144101596581418,6.266666666666667,164.34659262830223,0.0,0.8685928018708075,6.0,60,60.0,-3.1076886377550306,0.3764591376530195,77.55058235652203,17.55058235652203,0.0,0.0,0.0,0.0,0.0,0.0,60.0,17.55058235652203,0.0,0.0,360.0,234.0,0.0,0.0,21.06069882782643,0.0,104.93930117217357,3083.3718463280184,0.7736885807531784,0.0,0,1,0.8163134594784234,0.9433388068795486,0.999916661691254,0.35602842053866013,0.9433388068795486,0.999916661691254,0.35602842053866013,"Avg cost = $3.00 + $0.015*60 = $3.90; min profitable price = $3.90 + $0.50 = $4.40. $5.80 ≥ $4.40 and within legal range [4.0,6.0]. Observed demand surged to 208 but recent realized sales averaged ~66.7 — forecast bias -10.0 applied to 142 → 128 avoids overstock. Quantity held at 60 (same as R27) to prevent shortage while avoiding inventory buildup; profit expected: 60*($5.80 − $3.90) − holding/obsolescence ≈ $114, up from R27’s $98.3.",Reduced forecast from 142 to 128 (applying -10.0 bias) to better match persistent demand shortfall; kept quantity flat at 60 to maintain SLA given volatility spike; lowered price slightly from 6.0 to 5.8 to stay competitive without sacrificing margin.
7,28,PremiumCloud,premium,forecast=123;price=7.00;quantity=50,123,206,208,196.8,-1.1859921415770212,0.0,10.144101596581418,6.266666666666667,164.34659262830223,4.346592628302233,0.8390966395250269,7.0,50,54.34659262830223,-3.5930840325699673,0.23169320734292018,47.72880071264156,0.0,6.617791915660675,0.0,6.617791915660675,0.0,48.640770580105965,1.0,47.72880071264156,0.0,0.0,0.0,334.1016049884909,195.0,0.0,0.0,0.0,0.0,187.7423755685969,3177.9573899603793,1.0,1.0,0,0,0.8793224796437701,0.999952378109288,0.999952378109288,0.5174327842472164,0.999952378109288,0.999952378109288,0.5174327842472164,"Avg cost at quantity=48 is $3.40 + $0.010*48 = $3.88. Minimum profitable price = $3.88 + $0.50 = $4.38; $7.0 satisfies this with wide margin. Expected revenue = min(48, observed_demand) * $7.0 ≈ 48 * $7.0 = $336.0. Production cost = 48 * $3.88 = $186.24. Holding/obsolescence costs are falling (R27: holding=0.35, obsolescence=0.22), and reducing quantity from 50→48 further lowers these risks. Realized sales have trended down: 45.1 → 39.6 → 41.0 (R25–R27 avg = 41.9). Forecast bias is -10.0, so raw forecast = 133 + 10 = 143 — consistent with R27’s 143 (which still over-forecast by ~2.3 units/round on 3-round decline). Expected profit ≈ $336 − $186.24 − ~$0.30 holding − ~$0.18 obsolescence ≈ $149.3 — up from $81 in R27 and avoids inventory decay drag. This preserves SLA (no shortage expected), reputation (>0.8 delivery & pricing fairness), and discipline.",Reduced quantity from 50 to 48 to align with falling realized sales trend and reduce holding/obsolescence drag; lowered forecast from 143 to 133 to reflect continued downward demand signal (3-round avg drop ~2.3 units/round × 4 rounds = ~9 units reduction from prior 143); held price steady at $7.0 — it remains well above cost floor and maintains premium positioning without triggering fairness or cooperation rep penalties.
7,28,SpotBroker,spot,forecast=167;price=5.80;quantity=50,167,206,208,196.8,-1.1859921415770212,0.0,10.144101596581418,6.266666666666667,164.34659262830223,0.0,0.7436458184030523,5.8,50,50.0,-3.067625017916337,0.39184765500406027,80.72061693083641,30.720616930836414,0.0,6.617791915660675,0.0,48.640770580105965,0.0,0.0,56.617791915660675,24.10282501517574,0.0,0.0,328.3831931108319,200.0,0.0,0.0,31.333672519728463,0.0,48.40875001099742,2860.5059897537444,0.7014043508137743,0.0,0,1,0.7153747988836667,0.9134489026818448,0.999892850745898,0.00013096019945801082,0.9134489026818448,0.999892850745898,0.00013096019945801082,"Avg cost = 3.60 + 0.008*50 = $4.00; min profitable price = $4.50. $6.2 ≥ $4.50 → OK. Expected revenue = 50*6.2 = $310. Prod cost = $200. Holding/obsolescence low (inventory=0). Transfer cost spiked last round due to shortage; cutting quantity to 50 avoids overcommitment while matching recent realized sales (~68) better than 80. Profit uplift vs R27: higher margin/unit, lower transfer risk.",Reduced quantity from 50→50 (no change) but raised price from 5.8→6.2 to improve margin and counter rising market avg price (6.33); increased forecast from 167→175 to reflect observed demand surge (208) while staying below market max (6.4) and avoiding overstock bias.
7,29,Hyperscaler,hyperscaler,forecast=98;price=6.00;quantity=50,98,218,212,197.4,14.977334248025937,0.0,5.39976477091247,6.266666666666667,170.0,0.0,0.8163134594784234,6.0,50,50.0,-3.1704238486258913,0.362448847313163,79.01384871426954,29.013848714269542,0.0,0.0,0.0,0.0,0.0,0.0,50.0,29.013848714269542,0.0,0.0,300.0,187.5,0.0,0.0,34.81661845712345,0.0,77.68338154287656,3161.055227870895,0.632800462369709,0.0,0,1,0.7630151408457884,0.8657042207520886,0.9999374962684405,0.2670213154039951,0.8657042207520886,0.9999374962684405,0.2670213154039951,"Avg cost = $3.00 + $0.015*60 = $3.90; min profitable price = $4.40. At $6.0, margin is safe. Observed demand surged to 212 but inventory is 0 and recent realized sales capped at 60–65 — suggests allocation limits or demand fragmentation, not true capacity need. R28 shortage cost ratio was 0.08, but SLA penalty occurred due to allocated_demand (77.55) > quantity (60). To avoid penalty and hold profit, keep quantity at 60 (max we can reliably fulfill) and lower forecast to reflect actual realized ceiling (~60–65), adjusted by forecast_bias -10 → 108. Expected profit ≈ $6.0*60 − ($3.90*60) = $126, up from R28's $179.84 but with zero SLA risk and no obsolescence. [Profit safety: cut quantity from 70 to 50 to avoid loss]","Reduced forecast from 118→108 to better match realized demand ceiling (~60–65), maintaining quantity at 60 to ensure SLA compliance and avoid shortage penalties; held price at $6.0 as it remains profitable and reputation-stable."
7,29,PremiumCloud,premium,forecast=103;price=7.00;quantity=50,103,218,212,197.4,14.977334248025937,0.0,5.39976477091247,6.266666666666667,170.0,0.0,0.8793224796437701,7.0,50,50.0,-3.5448130244274756,0.24925941405962335,54.33855226499789,4.338552264997887,0.0,0.0,0.0,0.0,0.0,0.0,50.0,4.338552264997887,0.0,0.0,350.0,195.0,0.0,0.0,6.50782839749683,0.0,148.49217160250316,3326.4495615628825,0.9201570140507302,0.0,0,0,0.8390075611379005,0.9800035370946485,0.999964283581966,0.3880745881854123,0.9800035370946485,0.999964283581966,0.3880745881854123,"Avg cost = $3.40 + $0.010*48 = $3.88; min profitable price = $3.88 + $0.50 = $4.38 → $7.0 is safe. Last 3 rounds: sales = 39.6→41.0→47.7 (avg 42.8), but observed demand surged to 212 — likely spurious or market-wide anomaly; our inventory is 0, so we must avoid overcommitting. Holding/obsolescence costs spiked in R26–R27 due to over-forecasting (163→143→123); cutting forecast to 113 aligns with downward trend and bias (-10.0). Quantity reduced from 50 to 48 to lower risk of surplus; expected profit = 48×7.0 − (3.40+0.010×48)×48 ≈ $336 − $186.24 = $149.76 > prior $201 but far safer given falling sales trend and zero inventory.","Reduced quantity from 50 to 48 to prevent surplus amid declining realized sales and zero inventory; cut forecast from 123 to 113 to correct persistent over-forecasting, applying forecast_bias (-10.0); held price at $7.0 — still well above cost floor and reputation-stable."
7,29,SpotBroker,spot,forecast=200;price=5.80;quantity=70,200,218,212,197.4,14.977334248025937,0.0,5.39976477091247,6.266666666666667,170.0,0.0,0.7153747988836667,5.8,70,70.0,-3.1015502413395994,0.3882917386272137,84.64759902073259,14.647599020732585,0.0,0.0,0.0,0.0,0.0,0.0,70.0,14.647599020732585,0.0,0.0,406.0,291.2,0.0,0.0,19.041878726952362,0.0,95.75812127304765,2956.264111026792,0.8269578914205827,0.0,0,1,0.7067268883048083,0.8918261498665293,0.9999196380594235,9.822014959350812e-05,0.8918261498665293,0.9999196380594235,9.822014959350812e-05,"Avg cost = 3.60 + 0.008*70 = $4.16; min profitable price = $4.66. Price $6.4 ≥ floor + $0.50. Expected revenue = 70*6.4 = $448; prod cost = 70*4.16 = $291.2; expected profit > $100. Quantity reduced from 80 (fallback) to 70 to cut holding/obsolescence risk after R28 shortage & R26–R28 inventory decay. Forecast raised slightly from 204 to 208 to reflect observed demand spike (212), but capped below market avg volatility ceiling.",Reduced quantity from 80 to 70 to avoid overstock and align with recent demand volatility; held price at legal max $6.4 to maximize margin per unit amid rising market price ($6.31) and high observed demand (212).
